aba,linha,campo,antes,depois,motivo
01_CONFIG_GLOBAL,14,C14,None,0.2082,taxa MP unificada
02_SOHIPREN,6,taxa,"""='01_CONFIG_GLOBAL'!$C$4""","""='01_CONFIG_GLOBAL'!$C$14""",ref. única CONFIG!C14
02_SOHIPREN,7,taxa,"""='01_CONFIG_GLOBAL'!$C$4""","""='01_CONFIG_GLOBAL'!$C$14""",ref. única CONFIG!C14
02_SOHIPREN,8,taxa,"""='01_CONFIG_GLOBAL'!$C$4""","""='01_CONFIG_GLOBAL'!$C$14""",ref. única CONFIG!C14
02_SOHIPREN,9,taxa,"""='01_CONFIG_GLOBAL'!$C$4""","""='01_CONFIG_GLOBAL'!$C$14""",ref. única CONFIG!C14
02_SOHIPREN,10,taxa,"""='01_CONFIG_GLOBAL'!$C$4""","""='01_CONFIG_GLOBAL'!$C$14""",ref. única CONFIG!C14
02_SOHIPREN,11,taxa,"""='01_CONFIG_GLOBAL'!$C$4""","""='01_CONFIG_GLOBAL'!$C$14""",ref. única CONFIG!C14
02_SOHIPREN,12,taxa,"""='01_CONFIG_GLOBAL'!$C$4""","""='01_CONFIG_GLOBAL'!$C$14""",ref. única CONFIG!C14
02_SOHIPREN,13,taxa,"""='01_CONFIG_GLOBAL'!$C$4""","""='01_CONFIG_GLOBAL'!$C$14""",ref. única CONFIG!C14
02_SOHIPREN,14,taxa,"""='01_CONFIG_GLOBAL'!$C$4""","""='01_CONFIG_GLOBAL'!$C$14""",ref. única CONFIG!C14
02_SOHIPREN,15,taxa,"""='01_CONFIG_GLOBAL'!$C$4""","""='01_CONFIG_GLOBAL'!$C$14""",ref. única CONFIG!C14
02_SOHIPREN,16,taxa,"""='01_CONFIG_GLOBAL'!$C$4""","""='01_CONFIG_GLOBAL'!$C$14""",ref. única CONFIG!C14
02_SOHIPREN,17,taxa,"""='01_CONFIG_GLOBAL'!$C$4""","""='01_CONFIG_GLOBAL'!$C$14""",ref. única CONFIG!C14
02_SOHIPREN,18,taxa,"""='01_CONFIG_GLOBAL'!$C$4""","""='01_CONFIG_GLOBAL'!$C$14""",ref. única CONFIG!C14
02_SOHIPREN,19,taxa,"""='01_CONFIG_GLOBAL'!$C$4""","""='01_CONFIG_GLOBAL'!$C$14""",ref. única CONFIG!C14
02_SOHIPREN,20,taxa,"""='01_CONFIG_GLOBAL'!$C$4""","""='01_CONFIG_GLOBAL'!$C$14""",ref. única CONFIG!C14
02_SOHIPREN,21,taxa,"""='01_CONFIG_GLOBAL'!$C$4""","""='01_CONFIG_GLOBAL'!$C$14""",ref. única CONFIG!C14
02_SOHIPREN,22,taxa,"""='01_CONFIG_GLOBAL'!$C$4""","""='01_CONFIG_GLOBAL'!$C$14""",ref. única CONFIG!C14
02_SOHIPREN,23,taxa,"""='01_CONFIG_GLOBAL'!$C$4""","""='01_CONFIG_GLOBAL'!$C$14""",ref. única CONFIG!C14
02_SOHIPREN,24,taxa,"""='01_CONFIG_GLOBAL'!$C$4""","""='01_CONFIG_GLOBAL'!$C$14""",ref. única CONFIG!C14
02_SOHIPREN,25,taxa,"""='01_CONFIG_GLOBAL'!$C$4""","""='01_CONFIG_GLOBAL'!$C$14""",ref. única CONFIG!C14
02_SOHIPREN,26,taxa,"""='01_CONFIG_GLOBAL'!$C$4""","""='01_CONFIG_GLOBAL'!$C$14""",ref. única CONFIG!C14
02_SOHIPREN,27,taxa,"""='01_CONFIG_GLOBAL'!$C$4""","""='01_CONFIG_GLOBAL'!$C$14""",ref. única CONFIG!C14
02_SOHIPREN,28,taxa,"""='01_CONFIG_GLOBAL'!$C$4""","""='01_CONFIG_GLOBAL'!$C$14""",ref. única CONFIG!C14
02_SOHIPREN,29,taxa,"""='01_CONFIG_GLOBAL'!$C$4""","""='01_CONFIG_GLOBAL'!$C$14""",ref. única CONFIG!C14
02_SOHIPREN,30,taxa,"""='01_CONFIG_GLOBAL'!$C$4""","""='01_CONFIG_GLOBAL'!$C$14""",ref. única CONFIG!C14
02_SOHIPREN,31,taxa,"""='01_CONFIG_GLOBAL'!$C$4""","""='01_CONFIG_GLOBAL'!$C$14""",ref. única CONFIG!C14
02_SOHIPREN,32,taxa,"""='01_CONFIG_GLOBAL'!$C$4""","""='01_CONFIG_GLOBAL'!$C$14""",ref. única CONFIG!C14
02_SOHIPREN,33,taxa,"""='01_CONFIG_GLOBAL'!$C$4""","""='01_CONFIG_GLOBAL'!$C$14""",ref. única CONFIG!C14
02_SOHIPREN,34,taxa,"""='01_CONFIG_GLOBAL'!$C$4""","""='01_CONFIG_GLOBAL'!$C$14""",ref. única CONFIG!C14
02_SOHIPREN,35,taxa,"""='01_CONFIG_GLOBAL'!$C$4""","""='01_CONFIG_GLOBAL'!$C$14""",ref. única CONFIG!C14
02_SOHIPREN,36,taxa,"""='01_CONFIG_GLOBAL'!$C$4""","""='01_CONFIG_GLOBAL'!$C$14""",ref. única CONFIG!C14
02_SOHIPREN,37,taxa,"""='01_CONFIG_GLOBAL'!$C$4""","""='01_CONFIG_GLOBAL'!$C$14""",ref. única CONFIG!C14
02_SOHIPREN,38,taxa,"""='01_CONFIG_GLOBAL'!$C$4""","""='01_CONFIG_GLOBAL'!$C$14""",ref. única CONFIG!C14
02_SOHIPREN,39,taxa,"""='01_CONFIG_GLOBAL'!$C$4""","""='01_CONFIG_GLOBAL'!$C$14""",ref. única CONFIG!C14
02_SOHIPREN,40,taxa,"""='01_CONFIG_GLOBAL'!$C$4""","""='01_CONFIG_GLOBAL'!$C$14""",ref. única CONFIG!C14
02_SOHIPREN,41,taxa,"""='01_CONFIG_GLOBAL'!$C$4""","""='01_CONFIG_GLOBAL'!$C$14""",ref. única CONFIG!C14
02_SOHIPREN,42,taxa,"""='01_CONFIG_GLOBAL'!$C$4""","""='01_CONFIG_GLOBAL'!$C$14""",ref. única CONFIG!C14
02_SOHIPREN,43,taxa,"""='01_CONFIG_GLOBAL'!$C$4""","""='01_CONFIG_GLOBAL'!$C$14""",ref. única CONFIG!C14
02_SOHIPREN,44,taxa,"""='01_CONFIG_GLOBAL'!$C$4""","""='01_CONFIG_GLOBAL'!$C$14""",ref. única CONFIG!C14
02_SOHIPREN,45,taxa,"""='01_CONFIG_GLOBAL'!$C$4""","""='01_CONFIG_GLOBAL'!$C$14""",ref. única CONFIG!C14
02_SOHIPREN,46,taxa,"""='01_CONFIG_GLOBAL'!$C$4""","""='01_CONFIG_GLOBAL'!$C$14""",ref. única CONFIG!C14
02_SOHIPREN,47,taxa,"""='01_CONFIG_GLOBAL'!$C$4""","""='01_CONFIG_GLOBAL'!$C$14""",ref. única CONFIG!C14
02_SOHIPREN,48,taxa,"""='01_CONFIG_GLOBAL'!$C$4""","""='01_CONFIG_GLOBAL'!$C$14""",ref. única CONFIG!C14
02_SOHIPREN,49,taxa,"""='01_CONFIG_GLOBAL'!$C$4""","""='01_CONFIG_GLOBAL'!$C$14""",ref. única CONFIG!C14
02_SOHIPREN,50,taxa,"""='01_CONFIG_GLOBAL'!$C$4""","""='01_CONFIG_GLOBAL'!$C$14""",ref. única CONFIG!C14
02_SOHIPREN,51,taxa,"""='01_CONFIG_GLOBAL'!$C$4""","""='01_CONFIG_GLOBAL'!$C$14""",ref. única CONFIG!C14
02_SOHIPREN,52,taxa,"""='01_CONFIG_GLOBAL'!$C$4""","""='01_CONFIG_GLOBAL'!$C$14""",ref. única CONFIG!C14
02_SOHIPREN,53,taxa,"""='01_CONFIG_GLOBAL'!$C$4""","""='01_CONFIG_GLOBAL'!$C$14""",ref. única CONFIG!C14
02_SOHIPREN,54,taxa,"""='01_CONFIG_GLOBAL'!$C$4""","""='01_CONFIG_GLOBAL'!$C$14""",ref. única CONFIG!C14
02_SOHIPREN,55,taxa,"""='01_CONFIG_GLOBAL'!$C$4""","""='01_CONFIG_GLOBAL'!$C$14""",ref. única CONFIG!C14
02_SOHIPREN,56,taxa,"""='01_CONFIG_GLOBAL'!$C$4""","""='01_CONFIG_GLOBAL'!$C$14""",ref. única CONFIG!C14
02_SOHIPREN,57,taxa,"""='01_CONFIG_GLOBAL'!$C$4""","""='01_CONFIG_GLOBAL'!$C$14""",ref. única CONFIG!C14
02_SOHIPREN,58,taxa,"""='01_CONFIG_GLOBAL'!$C$4""","""='01_CONFIG_GLOBAL'!$C$14""",ref. única CONFIG!C14
02_SOHIPREN,59,taxa,"""='01_CONFIG_GLOBAL'!$C$4""","""='01_CONFIG_GLOBAL'!$C$14""",ref. única CONFIG!C14
02_SOHIPREN,60,taxa,"""='01_CONFIG_GLOBAL'!$C$4""","""='01_CONFIG_GLOBAL'!$C$14""",ref. única CONFIG!C14
02_SOHIPREN,61,taxa,"""='01_CONFIG_GLOBAL'!$C$4""","""='01_CONFIG_GLOBAL'!$C$14""",ref. única CONFIG!C14
02_SOHIPREN,62,taxa,"""='01_CONFIG_GLOBAL'!$C$4""","""='01_CONFIG_GLOBAL'!$C$14""",ref. única CONFIG!C14
02_SOHIPREN,63,taxa,"""='01_CONFIG_GLOBAL'!$C$4""","""='01_CONFIG_GLOBAL'!$C$14""",ref. única CONFIG!C14
02_SOHIPREN,64,taxa,"""='01_CONFIG_GLOBAL'!$C$4""","""='01_CONFIG_GLOBAL'!$C$14""",ref. única CONFIG!C14
02_SOHIPREN,65,taxa,"""='01_CONFIG_GLOBAL'!$C$4""","""='01_CONFIG_GLOBAL'!$C$14""",ref. única CONFIG!C14
02_SOHIPREN,66,taxa,"""='01_CONFIG_GLOBAL'!$C$4""","""='01_CONFIG_GLOBAL'!$C$14""",ref. única CONFIG!C14
02_SOHIPREN,67,taxa,"""='01_CONFIG_GLOBAL'!$C$4""","""='01_CONFIG_GLOBAL'!$C$14""",ref. única CONFIG!C14
02_SOHIPREN,68,taxa,"""='01_CONFIG_GLOBAL'!$C$4""","""='01_CONFIG_GLOBAL'!$C$14""",ref. única CONFIG!C14
02_SOHIPREN,69,taxa,"""='01_CONFIG_GLOBAL'!$C$4""","""='01_CONFIG_GLOBAL'!$C$14""",ref. única CONFIG!C14
02_SOHIPREN,70,taxa,"""='01_CONFIG_GLOBAL'!$C$4""","""='01_CONFIG_GLOBAL'!$C$14""",ref. única CONFIG!C14
02_SOHIPREN,71,taxa,"""='01_CONFIG_GLOBAL'!$C$4""","""='01_CONFIG_GLOBAL'!$C$14""",ref. única CONFIG!C14
02_SOHIPREN,72,taxa,"""='01_CONFIG_GLOBAL'!$C$4""","""='01_CONFIG_GLOBAL'!$C$14""",ref. única CONFIG!C14
02_SOHIPREN,73,taxa,"""='01_CONFIG_GLOBAL'!$C$4""","""='01_CONFIG_GLOBAL'!$C$14""",ref. única CONFIG!C14
02_SOHIPREN,74,taxa,"""='01_CONFIG_GLOBAL'!$C$4""","""='01_CONFIG_GLOBAL'!$C$14""",ref. única CONFIG!C14
02_SOHIPREN,75,taxa,"""='01_CONFIG_GLOBAL'!$C$4""","""='01_CONFIG_GLOBAL'!$C$14""",ref. única CONFIG!C14
02_SOHIPREN,76,taxa,"""='01_CONFIG_GLOBAL'!$C$4""","""='01_CONFIG_GLOBAL'!$C$14""",ref. única CONFIG!C14
02_SOHIPREN,77,taxa,"""='01_CONFIG_GLOBAL'!$C$4""","""='01_CONFIG_GLOBAL'!$C$14""",ref. única CONFIG!C14
02_SOHIPREN,78,taxa,"""='01_CONFIG_GLOBAL'!$C$4""","""='01_CONFIG_GLOBAL'!$C$14""",ref. única CONFIG!C14
02_SOHIPREN,79,taxa,"""='01_CONFIG_GLOBAL'!$C$4""","""='01_CONFIG_GLOBAL'!$C$14""",ref. única CONFIG!C14
02_SOHIPREN,80,taxa,"""='01_CONFIG_GLOBAL'!$C$4""","""='01_CONFIG_GLOBAL'!$C$14""",ref. única CONFIG!C14
02_SOHIPREN,81,taxa,"""='01_CONFIG_GLOBAL'!$C$4""","""='01_CONFIG_GLOBAL'!$C$14""",ref. única CONFIG!C14
02_SOHIPREN,82,taxa,"""='01_CONFIG_GLOBAL'!$C$4""","""='01_CONFIG_GLOBAL'!$C$14""",ref. única CONFIG!C14
02_SOHIPREN,83,taxa,"""='01_CONFIG_GLOBAL'!$C$4""","""='01_CONFIG_GLOBAL'!$C$14""",ref. única CONFIG!C14
02_SOHIPREN,84,taxa,"""='01_CONFIG_GLOBAL'!$C$4""","""='01_CONFIG_GLOBAL'!$C$14""",ref. única CONFIG!C14
02_SOHIPREN,85,taxa,"""='01_CONFIG_GLOBAL'!$C$4""","""='01_CONFIG_GLOBAL'!$C$14""",ref. única CONFIG!C14
02_SOHIPREN,86,taxa,"""='01_CONFIG_GLOBAL'!$C$4""","""='01_CONFIG_GLOBAL'!$C$14""",ref. única CONFIG!C14
02_SOHIPREN,87,taxa,"""='01_CONFIG_GLOBAL'!$C$4""","""='01_CONFIG_GLOBAL'!$C$14""",ref. única CONFIG!C14
02_SOHIPREN,88,taxa,"""='01_CONFIG_GLOBAL'!$C$4""","""='01_CONFIG_GLOBAL'!$C$14""",ref. única CONFIG!C14
02_SOHIPREN,89,taxa,"""='01_CONFIG_GLOBAL'!$C$4""","""='01_CONFIG_GLOBAL'!$C$14""",ref. única CONFIG!C14
02_SOHIPREN,90,taxa,"""='01_CONFIG_GLOBAL'!$C$4""","""='01_CONFIG_GLOBAL'!$C$14""",ref. única CONFIG!C14
02_SOHIPREN,91,taxa,"""='01_CONFIG_GLOBAL'!$C$4""","""='01_CONFIG_GLOBAL'!$C$14""",ref. única CONFIG!C14
02_SOHIPREN,92,taxa,"""='01_CONFIG_GLOBAL'!$C$4""","""='01_CONFIG_GLOBAL'!$C$14""",ref. única CONFIG!C14
02_SOHIPREN,93,taxa,"""='01_CONFIG_GLOBAL'!$C$4""","""='01_CONFIG_GLOBAL'!$C$14""",ref. única CONFIG!C14
02_SOHIPREN,94,taxa,"""='01_CONFIG_GLOBAL'!$C$4""","""='01_CONFIG_GLOBAL'!$C$14""",ref. única CONFIG!C14
02_SOHIPREN,95,taxa,"""='01_CONFIG_GLOBAL'!$C$4""","""='01_CONFIG_GLOBAL'!$C$14""",ref. única CONFIG!C14
02_SOHIPREN,96,taxa,"""='01_CONFIG_GLOBAL'!$C$4""","""='01_CONFIG_GLOBAL'!$C$14""",ref. única CONFIG!C14
02_SOHIPREN,97,taxa,"""='01_CONFIG_GLOBAL'!$C$4""","""='01_CONFIG_GLOBAL'!$C$14""",ref. única CONFIG!C14
02_SOHIPREN,98,taxa,"""='01_CONFIG_GLOBAL'!$C$4""","""='01_CONFIG_GLOBAL'!$C$14""",ref. única CONFIG!C14
02_SOHIPREN,99,taxa,"""='01_CONFIG_GLOBAL'!$C$4""","""='01_CONFIG_GLOBAL'!$C$14""",ref. única CONFIG!C14
02_SOHIPREN,100,taxa,"""='01_CONFIG_GLOBAL'!$C$4""","""='01_CONFIG_GLOBAL'!$C$14""",ref. única CONFIG!C14
02_SOHIPREN,101,taxa,"""='01_CONFIG_GLOBAL'!$C$4""","""='01_CONFIG_GLOBAL'!$C$14""",ref. única CONFIG!C14
02_SOHIPREN,102,taxa,"""='01_CONFIG_GLOBAL'!$C$4""","""='01_CONFIG_GLOBAL'!$C$14""",ref. única CONFIG!C14
02_SOHIPREN,103,taxa,"""='01_CONFIG_GLOBAL'!$C$4""","""='01_CONFIG_GLOBAL'!$C$14""",ref. única CONFIG!C14
02_SOHIPREN,104,taxa,"""='01_CONFIG_GLOBAL'!$C$4""","""='01_CONFIG_GLOBAL'!$C$14""",ref. única CONFIG!C14
02_SOHIPREN,105,taxa,"""='01_CONFIG_GLOBAL'!$C$4""","""='01_CONFIG_GLOBAL'!$C$14""",ref. única CONFIG!C14
02_SOHIPREN,106,taxa,"""='01_CONFIG_GLOBAL'!$C$4""","""='01_CONFIG_GLOBAL'!$C$14""",ref. única CONFIG!C14
02_SOHIPREN,107,taxa,"""='01_CONFIG_GLOBAL'!$C$4""","""='01_CONFIG_GLOBAL'!$C$14""",ref. única CONFIG!C14
02_SOHIPREN,108,taxa,"""='01_CONFIG_GLOBAL'!$C$4""","""='01_CONFIG_GLOBAL'!$C$14""",ref. única CONFIG!C14
02_SOHIPREN,109,taxa,"""='01_CONFIG_GLOBAL'!$C$4""","""='01_CONFIG_GLOBAL'!$C$14""",ref. única CONFIG!C14
02_SOHIPREN,110,taxa,"""='01_CONFIG_GLOBAL'!$C$4""","""='01_CONFIG_GLOBAL'!$C$14""",ref. única CONFIG!C14
02_SOHIPREN,111,taxa,"""='01_CONFIG_GLOBAL'!$C$4""","""='01_CONFIG_GLOBAL'!$C$14""",ref. única CONFIG!C14
02_SOHIPREN,112,taxa,"""='01_CONFIG_GLOBAL'!$C$4""","""='01_CONFIG_GLOBAL'!$C$14""",ref. única CONFIG!C14
02_SOHIPREN,113,taxa,"""='01_CONFIG_GLOBAL'!$C$4""","""='01_CONFIG_GLOBAL'!$C$14""",ref. única CONFIG!C14
02_SOHIPREN,114,taxa,"""='01_CONFIG_GLOBAL'!$C$4""","""='01_CONFIG_GLOBAL'!$C$14""",ref. única CONFIG!C14
02_SOHIPREN,115,taxa,"""='01_CONFIG_GLOBAL'!$C$4""","""='01_CONFIG_GLOBAL'!$C$14""",ref. única CONFIG!C14
02_SOHIPREN,116,taxa,"""='01_CONFIG_GLOBAL'!$C$4""","""='01_CONFIG_GLOBAL'!$C$14""",ref. única CONFIG!C14
02_SOHIPREN,117,taxa,"""='01_CONFIG_GLOBAL'!$C$4""","""='01_CONFIG_GLOBAL'!$C$14""",ref. única CONFIG!C14
02_SOHIPREN,118,taxa,"""='01_CONFIG_GLOBAL'!$C$4""","""='01_CONFIG_GLOBAL'!$C$14""",ref. única CONFIG!C14
02_SOHIPREN,119,taxa,"""='01_CONFIG_GLOBAL'!$C$4""","""='01_CONFIG_GLOBAL'!$C$14""",ref. única CONFIG!C14
02_SOHIPREN,120,taxa,"""='01_CONFIG_GLOBAL'!$C$4""","""='01_CONFIG_GLOBAL'!$C$14""",ref. única CONFIG!C14
02_SOHIPREN,121,taxa,"""='01_CONFIG_GLOBAL'!$C$4""","""='01_CONFIG_GLOBAL'!$C$14""",ref. única CONFIG!C14
02_SOHIPREN,122,taxa,"""='01_CONFIG_GLOBAL'!$C$4""","""='01_CONFIG_GLOBAL'!$C$14""",ref. única CONFIG!C14
02_SOHIPREN,123,taxa,"""='01_CONFIG_GLOBAL'!$C$4""","""='01_CONFIG_GLOBAL'!$C$14""",ref. única CONFIG!C14
02_SOHIPREN,124,taxa,"""='01_CONFIG_GLOBAL'!$C$4""","""='01_CONFIG_GLOBAL'!$C$14""",ref. única CONFIG!C14
02_SOHIPREN,125,taxa,"""='01_CONFIG_GLOBAL'!$C$4""","""='01_CONFIG_GLOBAL'!$C$14""",ref. única CONFIG!C14
02_SOHIPREN,126,taxa,"""='01_CONFIG_GLOBAL'!$C$4""","""='01_CONFIG_GLOBAL'!$C$14""",ref. única CONFIG!C14
02_SOHIPREN,127,taxa,"""='01_CONFIG_GLOBAL'!$C$4""","""='01_CONFIG_GLOBAL'!$C$14""",ref. única CONFIG!C14
02_SOHIPREN,128,taxa,"""='01_CONFIG_GLOBAL'!$C$4""","""='01_CONFIG_GLOBAL'!$C$14""",ref. única CONFIG!C14
02_SOHIPREN,129,taxa,"""='01_CONFIG_GLOBAL'!$C$4""","""='01_CONFIG_GLOBAL'!$C$14""",ref. única CONFIG!C14
02_SOHIPREN,130,taxa,"""='01_CONFIG_GLOBAL'!$C$4""","""='01_CONFIG_GLOBAL'!$C$14""",ref. única CONFIG!C14
02_SOHIPREN,131,taxa,"""='01_CONFIG_GLOBAL'!$C$4""","""='01_CONFIG_GLOBAL'!$C$14""",ref. única CONFIG!C14
02_SOHIPREN,132,taxa,"""='01_CONFIG_GLOBAL'!$C$4""","""='01_CONFIG_GLOBAL'!$C$14""",ref. única CONFIG!C14
02_SOHIPREN,133,taxa,"""='01_CONFIG_GLOBAL'!$C$4""","""='01_CONFIG_GLOBAL'!$C$14""",ref. única CONFIG!C14
02_SOHIPREN,134,taxa,"""='01_CONFIG_GLOBAL'!$C$4""","""='01_CONFIG_GLOBAL'!$C$14""",ref. única CONFIG!C14
02_SOHIPREN,135,taxa,"""='01_CONFIG_GLOBAL'!$C$4""","""='01_CONFIG_GLOBAL'!$C$14""",ref. única CONFIG!C14
02_SOHIPREN,136,taxa,"""='01_CONFIG_GLOBAL'!$C$4""","""='01_CONFIG_GLOBAL'!$C$14""",ref. única CONFIG!C14
02_SOHIPREN,137,taxa,"""='01_CONFIG_GLOBAL'!$C$4""","""='01_CONFIG_GLOBAL'!$C$14""",ref. única CONFIG!C14
02_SOHIPREN,138,taxa,"""='01_CONFIG_GLOBAL'!$C$4""","""='01_CONFIG_GLOBAL'!$C$14""",ref. única CONFIG!C14
02_SOHIPREN,139,taxa,"""='01_CONFIG_GLOBAL'!$C$4""","""='01_CONFIG_GLOBAL'!$C$14""",ref. única CONFIG!C14
02_SOHIPREN,140,taxa,"""='01_CONFIG_GLOBAL'!$C$4""","""='01_CONFIG_GLOBAL'!$C$14""",ref. única CONFIG!C14
02_SOHIPREN,141,taxa,"""='01_CONFIG_GLOBAL'!$C$4""","""='01_CONFIG_GLOBAL'!$C$14""",ref. única CONFIG!C14
02_SOHIPREN,142,taxa,"""='01_CONFIG_GLOBAL'!$C$4""","""='01_CONFIG_GLOBAL'!$C$14""",ref. única CONFIG!C14
02_SOHIPREN,143,taxa,"""='01_CONFIG_GLOBAL'!$C$4""","""='01_CONFIG_GLOBAL'!$C$14""",ref. única CONFIG!C14
02_SOHIPREN,144,taxa,"""='01_CONFIG_GLOBAL'!$C$4""","""='01_CONFIG_GLOBAL'!$C$14""",ref. única CONFIG!C14
02_SOHIPREN,145,taxa,"""='01_CONFIG_GLOBAL'!$C$4""","""='01_CONFIG_GLOBAL'!$C$14""",ref. única CONFIG!C14
02_SOHIPREN,146,taxa,"""='01_CONFIG_GLOBAL'!$C$4""","""='01_CONFIG_GLOBAL'!$C$14""",ref. única CONFIG!C14
02_SOHIPREN,147,taxa,"""='01_CONFIG_GLOBAL'!$C$4""","""='01_CONFIG_GLOBAL'!$C$14""",ref. única CONFIG!C14
02_SOHIPREN,148,taxa,"""='01_CONFIG_GLOBAL'!$C$4""","""='01_CONFIG_GLOBAL'!$C$14""",ref. única CONFIG!C14
02_SOHIPREN,149,taxa,"""='01_CONFIG_GLOBAL'!$C$4""","""='01_CONFIG_GLOBAL'!$C$14""",ref. única CONFIG!C14
02_SOHIPREN,150,taxa,"""='01_CONFIG_GLOBAL'!$C$4""","""='01_CONFIG_GLOBAL'!$C$14""",ref. única CONFIG!C14
02_SOHIPREN,151,taxa,"""='01_CONFIG_GLOBAL'!$C$4""","""='01_CONFIG_GLOBAL'!$C$14""",ref. única CONFIG!C14
02_SOHIPREN,152,taxa,"""='01_CONFIG_GLOBAL'!$C$4""","""='01_CONFIG_GLOBAL'!$C$14""",ref. única CONFIG!C14
02_SOHIPREN,153,taxa,"""='01_CONFIG_GLOBAL'!$C$4""","""='01_CONFIG_GLOBAL'!$C$14""",ref. única CONFIG!C14
02_SOHIPREN,154,taxa,"""='01_CONFIG_GLOBAL'!$C$4""","""='01_CONFIG_GLOBAL'!$C$14""",ref. única CONFIG!C14
02_SOHIPREN,155,taxa,"""='01_CONFIG_GLOBAL'!$C$4""","""='01_CONFIG_GLOBAL'!$C$14""",ref. única CONFIG!C14
02_SOHIPREN,156,taxa,"""='01_CONFIG_GLOBAL'!$C$4""","""='01_CONFIG_GLOBAL'!$C$14""",ref. única CONFIG!C14
02_SOHIPREN,157,taxa,"""='01_CONFIG_GLOBAL'!$C$4""","""='01_CONFIG_GLOBAL'!$C$14""",ref. única CONFIG!C14
02_SOHIPREN,158,taxa,"""='01_CONFIG_GLOBAL'!$C$4""","""='01_CONFIG_GLOBAL'!$C$14""",ref. única CONFIG!C14
02_SOHIPREN,159,taxa,"""='01_CONFIG_GLOBAL'!$C$4""","""='01_CONFIG_GLOBAL'!$C$14""",ref. única CONFIG!C14
02_SOHIPREN,160,taxa,"""='01_CONFIG_GLOBAL'!$C$4""","""='01_CONFIG_GLOBAL'!$C$14""",ref. única CONFIG!C14
02_SOHIPREN,161,taxa,"""='01_CONFIG_GLOBAL'!$C$4""","""='01_CONFIG_GLOBAL'!$C$14""",ref. única CONFIG!C14
02_SOHIPREN,162,taxa,"""='01_CONFIG_GLOBAL'!$C$4""","""='01_CONFIG_GLOBAL'!$C$14""",ref. única CONFIG!C14
02_SOHIPREN,163,taxa,"""='01_CONFIG_GLOBAL'!$C$4""","""='01_CONFIG_GLOBAL'!$C$14""",ref. única CONFIG!C14
02_SOHIPREN,164,taxa,"""='01_CONFIG_GLOBAL'!$C$4""","""='01_CONFIG_GLOBAL'!$C$14""",ref. única CONFIG!C14
02_SOHIPREN,165,taxa,"""='01_CONFIG_GLOBAL'!$C$4""","""='01_CONFIG_GLOBAL'!$C$14""",ref. única CONFIG!C14
02_SOHIPREN,166,taxa,"""='01_CONFIG_GLOBAL'!$C$4""","""='01_CONFIG_GLOBAL'!$C$14""",ref. única CONFIG!C14
02_SOHIPREN,167,taxa,"""='01_CONFIG_GLOBAL'!$C$4""","""='01_CONFIG_GLOBAL'!$C$14""",ref. única CONFIG!C14
02_SOHIPREN,168,taxa,"""='01_CONFIG_GLOBAL'!$C$4""","""='01_CONFIG_GLOBAL'!$C$14""",ref. única CONFIG!C14
02_SOHIPREN,169,taxa,"""='01_CONFIG_GLOBAL'!$C$4""","""='01_CONFIG_GLOBAL'!$C$14""",ref. única CONFIG!C14
02_SOHIPREN,170,taxa,"""='01_CONFIG_GLOBAL'!$C$4""","""='01_CONFIG_GLOBAL'!$C$14""",ref. única CONFIG!C14
02_SOHIPREN,171,taxa,"""='01_CONFIG_GLOBAL'!$C$4""","""='01_CONFIG_GLOBAL'!$C$14""",ref. única CONFIG!C14
02_SOHIPREN,172,taxa,"""='01_CONFIG_GLOBAL'!$C$4""","""='01_CONFIG_GLOBAL'!$C$14""",ref. única CONFIG!C14
02_SOHIPREN,173,taxa,"""='01_CONFIG_GLOBAL'!$C$4""","""='01_CONFIG_GLOBAL'!$C$14""",ref. única CONFIG!C14
02_SOHIPREN,174,taxa,"""='01_CONFIG_GLOBAL'!$C$4""","""='01_CONFIG_GLOBAL'!$C$14""",ref. única CONFIG!C14
02_SOHIPREN,175,taxa,"""='01_CONFIG_GLOBAL'!$C$4""","""='01_CONFIG_GLOBAL'!$C$14""",ref. única CONFIG!C14
02_SOHIPREN,176,taxa,"""='01_CONFIG_GLOBAL'!$C$4""","""='01_CONFIG_GLOBAL'!$C$14""",ref. única CONFIG!C14
02_SOHIPREN,177,taxa,"""='01_CONFIG_GLOBAL'!$C$4""","""='01_CONFIG_GLOBAL'!$C$14""",ref. única CONFIG!C14
02_SOHIPREN,178,taxa,"""='01_CONFIG_GLOBAL'!$C$4""","""='01_CONFIG_GLOBAL'!$C$14""",ref. única CONFIG!C14
02_SOHIPREN,179,taxa,"""='01_CONFIG_GLOBAL'!$C$4""","""='01_CONFIG_GLOBAL'!$C$14""",ref. única CONFIG!C14
02_SOHIPREN,180,taxa,"""='01_CONFIG_GLOBAL'!$C$4""","""='01_CONFIG_GLOBAL'!$C$14""",ref. única CONFIG!C14
02_SOHIPREN,181,taxa,"""='01_CONFIG_GLOBAL'!$C$4""","""='01_CONFIG_GLOBAL'!$C$14""",ref. única CONFIG!C14
02_SOHIPREN,182,taxa,"""='01_CONFIG_GLOBAL'!$C$4""","""='01_CONFIG_GLOBAL'!$C$14""",ref. única CONFIG!C14
02_SOHIPREN,183,taxa,"""='01_CONFIG_GLOBAL'!$C$4""","""='01_CONFIG_GLOBAL'!$C$14""",ref. única CONFIG!C14
02_SOHIPREN,184,taxa,"""='01_CONFIG_GLOBAL'!$C$4""","""='01_CONFIG_GLOBAL'!$C$14""",ref. única CONFIG!C14
02_SOHIPREN,185,taxa,"""='01_CONFIG_GLOBAL'!$C$4""","""='01_CONFIG_GLOBAL'!$C$14""",ref. única CONFIG!C14
02_SOHIPREN,186,taxa,"""='01_CONFIG_GLOBAL'!$C$4""","""='01_CONFIG_GLOBAL'!$C$14""",ref. única CONFIG!C14
02_SOHIPREN,187,taxa,"""='01_CONFIG_GLOBAL'!$C$4""","""='01_CONFIG_GLOBAL'!$C$14""",ref. única CONFIG!C14
02_SOHIPREN,188,taxa,"""='01_CONFIG_GLOBAL'!$C$4""","""='01_CONFIG_GLOBAL'!$C$14""",ref. única CONFIG!C14
02_SOHIPREN,189,taxa,"""='01_CONFIG_GLOBAL'!$C$4""","""='01_CONFIG_GLOBAL'!$C$14""",ref. única CONFIG!C14
02_SOHIPREN,190,taxa,"""='01_CONFIG_GLOBAL'!$C$4""","""='01_CONFIG_GLOBAL'!$C$14""",ref. única CONFIG!C14
02_SOHIPREN,191,taxa,"""='01_CONFIG_GLOBAL'!$C$4""","""='01_CONFIG_GLOBAL'!$C$14""",ref. única CONFIG!C14
02_SOHIPREN,192,taxa,"""='01_CONFIG_GLOBAL'!$C$4""","""='01_CONFIG_GLOBAL'!$C$14""",ref. única CONFIG!C14
02_SOHIPREN,193,taxa,"""='01_CONFIG_GLOBAL'!$C$4""","""='01_CONFIG_GLOBAL'!$C$14""",ref. única CONFIG!C14
02_SOHIPREN,194,taxa,"""='01_CONFIG_GLOBAL'!$C$4""","""='01_CONFIG_GLOBAL'!$C$14""",ref. única CONFIG!C14
02_SOHIPREN,195,taxa,"""='01_CONFIG_GLOBAL'!$C$4""","""='01_CONFIG_GLOBAL'!$C$14""",ref. única CONFIG!C14
02_SOHIPREN,196,taxa,"""='01_CONFIG_GLOBAL'!$C$4""","""='01_CONFIG_GLOBAL'!$C$14""",ref. única CONFIG!C14
02_SOHIPREN,197,taxa,"""='01_CONFIG_GLOBAL'!$C$4""","""='01_CONFIG_GLOBAL'!$C$14""",ref. única CONFIG!C14
02_SOHIPREN,198,taxa,"""='01_CONFIG_GLOBAL'!$C$4""","""='01_CONFIG_GLOBAL'!$C$14""",ref. única CONFIG!C14
02_SOHIPREN,199,taxa,"""='01_CONFIG_GLOBAL'!$C$4""","""='01_CONFIG_GLOBAL'!$C$14""",ref. única CONFIG!C14
02_SOHIPREN,200,taxa,"""='01_CONFIG_GLOBAL'!$C$4""","""='01_CONFIG_GLOBAL'!$C$14""",ref. única CONFIG!C14
02_SOHIPREN,201,taxa,"""='01_CONFIG_GLOBAL'!$C$4""","""='01_CONFIG_GLOBAL'!$C$14""",ref. única CONFIG!C14
02_SOHIPREN,202,taxa,"""='01_CONFIG_GLOBAL'!$C$4""","""='01_CONFIG_GLOBAL'!$C$14""",ref. única CONFIG!C14
02_SOHIPREN,203,taxa,"""='01_CONFIG_GLOBAL'!$C$4""","""='01_CONFIG_GLOBAL'!$C$14""",ref. única CONFIG!C14
02_SOHIPREN,204,taxa,"""='01_CONFIG_GLOBAL'!$C$4""","""='01_CONFIG_GLOBAL'!$C$14""",ref. única CONFIG!C14
02_SOHIPREN,205,taxa,"""='01_CONFIG_GLOBAL'!$C$4""","""='01_CONFIG_GLOBAL'!$C$14""",ref. única CONFIG!C14
02_SOHIPREN,206,taxa,"""='01_CONFIG_GLOBAL'!$C$4""","""='01_CONFIG_GLOBAL'!$C$14""",ref. única CONFIG!C14
02_SOHIPREN,207,taxa,"""='01_CONFIG_GLOBAL'!$C$4""","""='01_CONFIG_GLOBAL'!$C$14""",ref. única CONFIG!C14
02_SOHIPREN,208,taxa,"""='01_CONFIG_GLOBAL'!$C$4""","""='01_CONFIG_GLOBAL'!$C$14""",ref. única CONFIG!C14
02_SOHIPREN,209,taxa,"""='01_CONFIG_GLOBAL'!$C$4""","""='01_CONFIG_GLOBAL'!$C$14""",ref. única CONFIG!C14
02_SOHIPREN,210,taxa,"""='01_CONFIG_GLOBAL'!$C$4""","""='01_CONFIG_GLOBAL'!$C$14""",ref. única CONFIG!C14
02_SOHIPREN,211,taxa,"""='01_CONFIG_GLOBAL'!$C$4""","""='01_CONFIG_GLOBAL'!$C$14""",ref. única CONFIG!C14
02_SOHIPREN,212,taxa,"""='01_CONFIG_GLOBAL'!$C$4""","""='01_CONFIG_GLOBAL'!$C$14""",ref. única CONFIG!C14
02_SOHIPREN,213,taxa,"""='01_CONFIG_GLOBAL'!$C$4""","""='01_CONFIG_GLOBAL'!$C$14""",ref. única CONFIG!C14
02_SOHIPREN,214,taxa,"""='01_CONFIG_GLOBAL'!$C$4""","""='01_CONFIG_GLOBAL'!$C$14""",ref. única CONFIG!C14
02_SOHIPREN,215,taxa,"""='01_CONFIG_GLOBAL'!$C$4""","""='01_CONFIG_GLOBAL'!$C$14""",ref. única CONFIG!C14
02_SOHIPREN,216,taxa,"""='01_CONFIG_GLOBAL'!$C$4""","""='01_CONFIG_GLOBAL'!$C$14""",ref. única CONFIG!C14
02_SOHIPREN,217,taxa,"""='01_CONFIG_GLOBAL'!$C$4""","""='01_CONFIG_GLOBAL'!$C$14""",ref. única CONFIG!C14
02_SOHIPREN,218,taxa,"""='01_CONFIG_GLOBAL'!$C$4""","""='01_CONFIG_GLOBAL'!$C$14""",ref. única CONFIG!C14
02_SOHIPREN,219,taxa,"""='01_CONFIG_GLOBAL'!$C$4""","""='01_CONFIG_GLOBAL'!$C$14""",ref. única CONFIG!C14
02_SOHIPREN,220,taxa,"""='01_CONFIG_GLOBAL'!$C$4""","""='01_CONFIG_GLOBAL'!$C$14""",ref. única CONFIG!C14
02_SOHIPREN,221,taxa,"""='01_CONFIG_GLOBAL'!$C$4""","""='01_CONFIG_GLOBAL'!$C$14""",ref. única CONFIG!C14
02_SOHIPREN,222,taxa,"""='01_CONFIG_GLOBAL'!$C$4""","""='01_CONFIG_GLOBAL'!$C$14""",ref. única CONFIG!C14
02_SOHIPREN,223,taxa,"""='01_CONFIG_GLOBAL'!$C$4""","""='01_CONFIG_GLOBAL'!$C$14""",ref. única CONFIG!C14
02_SOHIPREN,224,taxa,"""='01_CONFIG_GLOBAL'!$C$4""","""='01_CONFIG_GLOBAL'!$C$14""",ref. única CONFIG!C14
02_SOHIPREN,225,taxa,"""='01_CONFIG_GLOBAL'!$C$4""","""='01_CONFIG_GLOBAL'!$C$14""",ref. única CONFIG!C14
02_SOHIPREN,226,taxa,"""='01_CONFIG_GLOBAL'!$C$4""","""='01_CONFIG_GLOBAL'!$C$14""",ref. única CONFIG!C14
02_SOHIPREN,227,taxa,"""='01_CONFIG_GLOBAL'!$C$4""","""='01_CONFIG_GLOBAL'!$C$14""",ref. única CONFIG!C14
02_SOHIPREN,228,taxa,"""='01_CONFIG_GLOBAL'!$C$4""","""='01_CONFIG_GLOBAL'!$C$14""",ref. única CONFIG!C14
02_SOHIPREN,229,taxa,"""='01_CONFIG_GLOBAL'!$C$4""","""='01_CONFIG_GLOBAL'!$C$14""",ref. única CONFIG!C14
02_SOHIPREN,230,taxa,"""='01_CONFIG_GLOBAL'!$C$4""","""='01_CONFIG_GLOBAL'!$C$14""",ref. única CONFIG!C14
02_SOHIPREN,231,taxa,"""='01_CONFIG_GLOBAL'!$C$4""","""='01_CONFIG_GLOBAL'!$C$14""",ref. única CONFIG!C14
02_SOHIPREN,232,taxa,"""='01_CONFIG_GLOBAL'!$C$4""","""='01_CONFIG_GLOBAL'!$C$14""",ref. única CONFIG!C14
02_SOHIPREN,233,taxa,"""='01_CONFIG_GLOBAL'!$C$4""","""='01_CONFIG_GLOBAL'!$C$14""",ref. única CONFIG!C14
02_SOHIPREN,234,taxa,"""='01_CONFIG_GLOBAL'!$C$4""","""='01_CONFIG_GLOBAL'!$C$14""",ref. única CONFIG!C14
02_SOHIPREN,235,taxa,"""='01_CONFIG_GLOBAL'!$C$4""","""='01_CONFIG_GLOBAL'!$C$14""",ref. única CONFIG!C14
02_SOHIPREN,236,taxa,"""='01_CONFIG_GLOBAL'!$C$4""","""='01_CONFIG_GLOBAL'!$C$14""",ref. única CONFIG!C14
02_SOHIPREN,237,taxa,"""='01_CONFIG_GLOBAL'!$C$4""","""='01_CONFIG_GLOBAL'!$C$14""",ref. única CONFIG!C14
02_SOHIPREN,238,taxa,"""='01_CONFIG_GLOBAL'!$C$4""","""='01_CONFIG_GLOBAL'!$C$14""",ref. única CONFIG!C14
02_SOHIPREN,239,taxa,"""='01_CONFIG_GLOBAL'!$C$4""","""='01_CONFIG_GLOBAL'!$C$14""",ref. única CONFIG!C14
02_SOHIPREN,240,taxa,"""='01_CONFIG_GLOBAL'!$C$4""","""='01_CONFIG_GLOBAL'!$C$14""",ref. única CONFIG!C14
02_SOHIPREN,241,taxa,"""='01_CONFIG_GLOBAL'!$C$4""","""='01_CONFIG_GLOBAL'!$C$14""",ref. única CONFIG!C14
02_SOHIPREN,242,taxa,"""='01_CONFIG_GLOBAL'!$C$4""","""='01_CONFIG_GLOBAL'!$C$14""",ref. única CONFIG!C14
02_SOHIPREN,243,taxa,"""='01_CONFIG_GLOBAL'!$C$4""","""='01_CONFIG_GLOBAL'!$C$14""",ref. única CONFIG!C14
02_SOHIPREN,244,taxa,"""='01_CONFIG_GLOBAL'!$C$4""","""='01_CONFIG_GLOBAL'!$C$14""",ref. única CONFIG!C14
02_SOHIPREN,245,taxa,"""='01_CONFIG_GLOBAL'!$C$4""","""='01_CONFIG_GLOBAL'!$C$14""",ref. única CONFIG!C14
02_SOHIPREN,246,taxa,"""='01_CONFIG_GLOBAL'!$C$4""","""='01_CONFIG_GLOBAL'!$C$14""",ref. única CONFIG!C14
02_SOHIPREN,247,taxa,"""='01_CONFIG_GLOBAL'!$C$4""","""='01_CONFIG_GLOBAL'!$C$14""",ref. única CONFIG!C14
02_SOHIPREN,248,taxa,"""='01_CONFIG_GLOBAL'!$C$4""","""='01_CONFIG_GLOBAL'!$C$14""",ref. única CONFIG!C14
02_SOHIPREN,249,taxa,"""='01_CONFIG_GLOBAL'!$C$4""","""='01_CONFIG_GLOBAL'!$C$14""",ref. única CONFIG!C14
02_SOHIPREN,250,taxa,"""='01_CONFIG_GLOBAL'!$C$4""","""='01_CONFIG_GLOBAL'!$C$14""",ref. única CONFIG!C14
02_SOHIPREN,251,taxa,"""='01_CONFIG_GLOBAL'!$C$4""","""='01_CONFIG_GLOBAL'!$C$14""",ref. única CONFIG!C14
02_SOHIPREN,252,taxa,"""='01_CONFIG_GLOBAL'!$C$4""","""='01_CONFIG_GLOBAL'!$C$14""",ref. única CONFIG!C14
02_SOHIPREN,253,taxa,"""='01_CONFIG_GLOBAL'!$C$4""","""='01_CONFIG_GLOBAL'!$C$14""",ref. única CONFIG!C14
02_SOHIPREN,254,taxa,"""='01_CONFIG_GLOBAL'!$C$4""","""='01_CONFIG_GLOBAL'!$C$14""",ref. única CONFIG!C14
02_SOHIPREN,255,taxa,"""='01_CONFIG_GLOBAL'!$C$4""","""='01_CONFIG_GLOBAL'!$C$14""",ref. única CONFIG!C14
02_SOHIPREN,256,taxa,"""='01_CONFIG_GLOBAL'!$C$4""","""='01_CONFIG_GLOBAL'!$C$14""",ref. única CONFIG!C14
02_SOHIPREN,257,taxa,"""='01_CONFIG_GLOBAL'!$C$4""","""='01_CONFIG_GLOBAL'!$C$14""",ref. única CONFIG!C14
02_SOHIPREN,258,taxa,"""='01_CONFIG_GLOBAL'!$C$4""","""='01_CONFIG_GLOBAL'!$C$14""",ref. única CONFIG!C14
02_SOHIPREN,259,taxa,"""='01_CONFIG_GLOBAL'!$C$4""","""='01_CONFIG_GLOBAL'!$C$14""",ref. única CONFIG!C14
02_SOHIPREN,260,taxa,"""='01_CONFIG_GLOBAL'!$C$4""","""='01_CONFIG_GLOBAL'!$C$14""",ref. única CONFIG!C14
02_SOHIPREN,261,taxa,"""='01_CONFIG_GLOBAL'!$C$4""","""='01_CONFIG_GLOBAL'!$C$14""",ref. única CONFIG!C14
02_SOHIPREN,262,taxa,"""='01_CONFIG_GLOBAL'!$C$4""","""='01_CONFIG_GLOBAL'!$C$14""",ref. única CONFIG!C14
02_SOHIPREN,263,taxa,"""='01_CONFIG_GLOBAL'!$C$4""","""='01_CONFIG_GLOBAL'!$C$14""",ref. única CONFIG!C14
02_SOHIPREN,264,taxa,"""='01_CONFIG_GLOBAL'!$C$4""","""='01_CONFIG_GLOBAL'!$C$14""",ref. única CONFIG!C14
02_SOHIPREN,265,taxa,"""='01_CONFIG_GLOBAL'!$C$4""","""='01_CONFIG_GLOBAL'!$C$14""",ref. única CONFIG!C14
02_SOHIPREN,266,taxa,"""='01_CONFIG_GLOBAL'!$C$4""","""='01_CONFIG_GLOBAL'!$C$14""",ref. única CONFIG!C14
02_SOHIPREN,267,taxa,"""='01_CONFIG_GLOBAL'!$C$4""","""='01_CONFIG_GLOBAL'!$C$14""",ref. única CONFIG!C14
02_SOHIPREN,268,taxa,"""='01_CONFIG_GLOBAL'!$C$4""","""='01_CONFIG_GLOBAL'!$C$14""",ref. única CONFIG!C14
02_SOHIPREN,269,taxa,"""='01_CONFIG_GLOBAL'!$C$4""","""='01_CONFIG_GLOBAL'!$C$14""",ref. única CONFIG!C14
02_SOHIPREN,270,taxa,"""='01_CONFIG_GLOBAL'!$C$4""","""='01_CONFIG_GLOBAL'!$C$14""",ref. única CONFIG!C14
02_SOHIPREN,271,taxa,"""='01_CONFIG_GLOBAL'!$C$4""","""='01_CONFIG_GLOBAL'!$C$14""",ref. única CONFIG!C14
02_SOHIPREN,272,taxa,"""='01_CONFIG_GLOBAL'!$C$4""","""='01_CONFIG_GLOBAL'!$C$14""",ref. única CONFIG!C14
02_SOHIPREN,273,taxa,"""='01_CONFIG_GLOBAL'!$C$4""","""='01_CONFIG_GLOBAL'!$C$14""",ref. única CONFIG!C14
02_SOHIPREN,274,taxa,"""='01_CONFIG_GLOBAL'!$C$4""","""='01_CONFIG_GLOBAL'!$C$14""",ref. única CONFIG!C14
02_SOHIPREN,275,taxa,"""='01_CONFIG_GLOBAL'!$C$4""","""='01_CONFIG_GLOBAL'!$C$14""",ref. única CONFIG!C14
02_SOHIPREN,276,taxa,"""='01_CONFIG_GLOBAL'!$C$4""","""='01_CONFIG_GLOBAL'!$C$14""",ref. única CONFIG!C14
02_SOHIPREN,277,taxa,"""='01_CONFIG_GLOBAL'!$C$4""","""='01_CONFIG_GLOBAL'!$C$14""",ref. única CONFIG!C14
02_SOHIPREN,278,taxa,"""='01_CONFIG_GLOBAL'!$C$4""","""='01_CONFIG_GLOBAL'!$C$14""",ref. única CONFIG!C14
02_SOHIPREN,279,taxa,"""='01_CONFIG_GLOBAL'!$C$4""","""='01_CONFIG_GLOBAL'!$C$14""",ref. única CONFIG!C14
02_SOHIPREN,280,taxa,"""='01_CONFIG_GLOBAL'!$C$4""","""='01_CONFIG_GLOBAL'!$C$14""",ref. única CONFIG!C14
02_SOHIPREN,281,taxa,"""='01_CONFIG_GLOBAL'!$C$4""","""='01_CONFIG_GLOBAL'!$C$14""",ref. única CONFIG!C14
02_SOHIPREN,282,taxa,"""='01_CONFIG_GLOBAL'!$C$4""","""='01_CONFIG_GLOBAL'!$C$14""",ref. única CONFIG!C14
02_SOHIPREN,283,taxa,"""='01_CONFIG_GLOBAL'!$C$4""","""='01_CONFIG_GLOBAL'!$C$14""",ref. única CONFIG!C14
02_SOHIPREN,284,taxa,"""='01_CONFIG_GLOBAL'!$C$4""","""='01_CONFIG_GLOBAL'!$C$14""",ref. única CONFIG!C14
02_SOHIPREN,285,taxa,"""='01_CONFIG_GLOBAL'!$C$4""","""='01_CONFIG_GLOBAL'!$C$14""",ref. única CONFIG!C14
02_SOHIPREN,286,taxa,"""='01_CONFIG_GLOBAL'!$C$4""","""='01_CONFIG_GLOBAL'!$C$14""",ref. única CONFIG!C14
02_SOHIPREN,287,taxa,"""='01_CONFIG_GLOBAL'!$C$4""","""='01_CONFIG_GLOBAL'!$C$14""",ref. única CONFIG!C14
02_SOHIPREN,288,taxa,"""='01_CONFIG_GLOBAL'!$C$4""","""='01_CONFIG_GLOBAL'!$C$14""",ref. única CONFIG!C14
02_SOHIPREN,289,taxa,"""='01_CONFIG_GLOBAL'!$C$4""","""='01_CONFIG_GLOBAL'!$C$14""",ref. única CONFIG!C14
02_SOHIPREN,290,taxa,"""='01_CONFIG_GLOBAL'!$C$4""","""='01_CONFIG_GLOBAL'!$C$14""",ref. única CONFIG!C14
02_SOHIPREN,291,taxa,"""='01_CONFIG_GLOBAL'!$C$4""","""='01_CONFIG_GLOBAL'!$C$14""",ref. única CONFIG!C14
02_SOHIPREN,292,taxa,"""='01_CONFIG_GLOBAL'!$C$4""","""='01_CONFIG_GLOBAL'!$C$14""",ref. única CONFIG!C14
02_SOHIPREN,293,taxa,"""='01_CONFIG_GLOBAL'!$C$4""","""='01_CONFIG_GLOBAL'!$C$14""",ref. única CONFIG!C14
02_SOHIPREN,294,taxa,"""='01_CONFIG_GLOBAL'!$C$4""","""='01_CONFIG_GLOBAL'!$C$14""",ref. única CONFIG!C14
02_SOHIPREN,295,taxa,"""='01_CONFIG_GLOBAL'!$C$4""","""='01_CONFIG_GLOBAL'!$C$14""",ref. única CONFIG!C14
02_SOHIPREN,296,taxa,"""='01_CONFIG_GLOBAL'!$C$4""","""='01_CONFIG_GLOBAL'!$C$14""",ref. única CONFIG!C14
02_SOHIPREN,297,taxa,"""='01_CONFIG_GLOBAL'!$C$4""","""='01_CONFIG_GLOBAL'!$C$14""",ref. única CONFIG!C14
02_SOHIPREN,298,taxa,"""='01_CONFIG_GLOBAL'!$C$4""","""='01_CONFIG_GLOBAL'!$C$14""",ref. única CONFIG!C14
02_SOHIPREN,299,taxa,"""='01_CONFIG_GLOBAL'!$C$4""","""='01_CONFIG_GLOBAL'!$C$14""",ref. única CONFIG!C14
02_SOHIPREN,300,taxa,"""='01_CONFIG_GLOBAL'!$C$4""","""='01_CONFIG_GLOBAL'!$C$14""",ref. única CONFIG!C14
02_SOHIPREN,301,taxa,"""='01_CONFIG_GLOBAL'!$C$4""","""='01_CONFIG_GLOBAL'!$C$14""",ref. única CONFIG!C14
02_SOHIPREN,302,taxa,"""='01_CONFIG_GLOBAL'!$C$4""","""='01_CONFIG_GLOBAL'!$C$14""",ref. única CONFIG!C14
02_SOHIPREN,303,taxa,"""='01_CONFIG_GLOBAL'!$C$4""","""='01_CONFIG_GLOBAL'!$C$14""",ref. única CONFIG!C14
02_SOHIPREN,304,taxa,"""='01_CONFIG_GLOBAL'!$C$4""","""='01_CONFIG_GLOBAL'!$C$14""",ref. única CONFIG!C14
02_SOHIPREN,305,taxa,"""='01_CONFIG_GLOBAL'!$C$4""","""='01_CONFIG_GLOBAL'!$C$14""",ref. única CONFIG!C14
02_SOHIPREN,306,taxa,"""='01_CONFIG_GLOBAL'!$C$4""","""='01_CONFIG_GLOBAL'!$C$14""",ref. única CONFIG!C14
02_SOHIPREN,307,taxa,"""='01_CONFIG_GLOBAL'!$C$4""","""='01_CONFIG_GLOBAL'!$C$14""",ref. única CONFIG!C14
02_SOHIPREN,308,taxa,"""='01_CONFIG_GLOBAL'!$C$4""","""='01_CONFIG_GLOBAL'!$C$14""",ref. única CONFIG!C14
02_SOHIPREN,309,taxa,"""='01_CONFIG_GLOBAL'!$C$4""","""='01_CONFIG_GLOBAL'!$C$14""",ref. única CONFIG!C14
02_SOHIPREN,310,taxa,"""='01_CONFIG_GLOBAL'!$C$4""","""='01_CONFIG_GLOBAL'!$C$14""",ref. única CONFIG!C14
02_SOHIPREN,311,taxa,"""='01_CONFIG_GLOBAL'!$C$4""","""='01_CONFIG_GLOBAL'!$C$14""",ref. única CONFIG!C14
02_SOHIPREN,312,taxa,"""='01_CONFIG_GLOBAL'!$C$4""","""='01_CONFIG_GLOBAL'!$C$14""",ref. única CONFIG!C14
02_SOHIPREN,313,taxa,"""='01_CONFIG_GLOBAL'!$C$4""","""='01_CONFIG_GLOBAL'!$C$14""",ref. única CONFIG!C14
02_SOHIPREN,314,taxa,"""='01_CONFIG_GLOBAL'!$C$4""","""='01_CONFIG_GLOBAL'!$C$14""",ref. única CONFIG!C14
02_SOHIPREN,315,taxa,"""='01_CONFIG_GLOBAL'!$C$4""","""='01_CONFIG_GLOBAL'!$C$14""",ref. única CONFIG!C14
02_SOHIPREN,316,taxa,"""='01_CONFIG_GLOBAL'!$C$4""","""='01_CONFIG_GLOBAL'!$C$14""",ref. única CONFIG!C14
02_SOHIPREN,317,taxa,"""='01_CONFIG_GLOBAL'!$C$4""","""='01_CONFIG_GLOBAL'!$C$14""",ref. única CONFIG!C14
02_SOHIPREN,318,taxa,"""='01_CONFIG_GLOBAL'!$C$4""","""='01_CONFIG_GLOBAL'!$C$14""",ref. única CONFIG!C14
02_SOHIPREN,319,taxa,"""='01_CONFIG_GLOBAL'!$C$4""","""='01_CONFIG_GLOBAL'!$C$14""",ref. única CONFIG!C14
02_SOHIPREN,320,taxa,"""='01_CONFIG_GLOBAL'!$C$4""","""='01_CONFIG_GLOBAL'!$C$14""",ref. única CONFIG!C14
02_SOHIPREN,321,taxa,"""='01_CONFIG_GLOBAL'!$C$4""","""='01_CONFIG_GLOBAL'!$C$14""",ref. única CONFIG!C14
02_SOHIPREN,322,taxa,"""='01_CONFIG_GLOBAL'!$C$4""","""='01_CONFIG_GLOBAL'!$C$14""",ref. única CONFIG!C14
02_SOHIPREN,323,taxa,"""='01_CONFIG_GLOBAL'!$C$4""","""='01_CONFIG_GLOBAL'!$C$14""",ref. única CONFIG!C14
02_SOHIPREN,324,taxa,"""='01_CONFIG_GLOBAL'!$C$4""","""='01_CONFIG_GLOBAL'!$C$14""",ref. única CONFIG!C14
02_SOHIPREN,325,taxa,"""='01_CONFIG_GLOBAL'!$C$4""","""='01_CONFIG_GLOBAL'!$C$14""",ref. única CONFIG!C14
02_SOHIPREN,326,taxa,"""='01_CONFIG_GLOBAL'!$C$4""","""='01_CONFIG_GLOBAL'!$C$14""",ref. única CONFIG!C14
02_SOHIPREN,327,taxa,"""='01_CONFIG_GLOBAL'!$C$4""","""='01_CONFIG_GLOBAL'!$C$14""",ref. única CONFIG!C14
02_SOHIPREN,328,taxa,"""='01_CONFIG_GLOBAL'!$C$4""","""='01_CONFIG_GLOBAL'!$C$14""",ref. única CONFIG!C14
02_SOHIPREN,329,taxa,"""='01_CONFIG_GLOBAL'!$C$4""","""='01_CONFIG_GLOBAL'!$C$14""",ref. única CONFIG!C14
02_SOHIPREN,330,taxa,"""='01_CONFIG_GLOBAL'!$C$4""","""='01_CONFIG_GLOBAL'!$C$14""",ref. única CONFIG!C14
02_SOHIPREN,331,taxa,"""='01_CONFIG_GLOBAL'!$C$4""","""='01_CONFIG_GLOBAL'!$C$14""",ref. única CONFIG!C14
02_SOHIPREN,332,taxa,"""='01_CONFIG_GLOBAL'!$C$4""","""='01_CONFIG_GLOBAL'!$C$14""",ref. única CONFIG!C14
02_SOHIPREN,333,taxa,"""='01_CONFIG_GLOBAL'!$C$4""","""='01_CONFIG_GLOBAL'!$C$14""",ref. única CONFIG!C14
02_SOHIPREN,334,taxa,"""='01_CONFIG_GLOBAL'!$C$4""","""='01_CONFIG_GLOBAL'!$C$14""",ref. única CONFIG!C14
02_SOHIPREN,335,taxa,"""='01_CONFIG_GLOBAL'!$C$4""","""='01_CONFIG_GLOBAL'!$C$14""",ref. única CONFIG!C14
02_SOHIPREN,336,taxa,"""='01_CONFIG_GLOBAL'!$C$4""","""='01_CONFIG_GLOBAL'!$C$14""",ref. única CONFIG!C14
02_SOHIPREN,337,taxa,"""='01_CONFIG_GLOBAL'!$C$4""","""='01_CONFIG_GLOBAL'!$C$14""",ref. única CONFIG!C14
02_SOHIPREN,338,taxa,"""='01_CONFIG_GLOBAL'!$C$4""","""='01_CONFIG_GLOBAL'!$C$14""",ref. única CONFIG!C14
02_SOHIPREN,339,taxa,"""='01_CONFIG_GLOBAL'!$C$4""","""='01_CONFIG_GLOBAL'!$C$14""",ref. única CONFIG!C14
02_SOHIPREN,340,taxa,"""='01_CONFIG_GLOBAL'!$C$4""","""='01_CONFIG_GLOBAL'!$C$14""",ref. única CONFIG!C14
02_SOHIPREN,341,taxa,"""='01_CONFIG_GLOBAL'!$C$4""","""='01_CONFIG_GLOBAL'!$C$14""",ref. única CONFIG!C14
02_SOHIPREN,342,taxa,"""='01_CONFIG_GLOBAL'!$C$4""","""='01_CONFIG_GLOBAL'!$C$14""",ref. única CONFIG!C14
02_SOHIPREN,343,taxa,"""='01_CONFIG_GLOBAL'!$C$4""","""='01_CONFIG_GLOBAL'!$C$14""",ref. única CONFIG!C14
02_SOHIPREN,344,taxa,"""='01_CONFIG_GLOBAL'!$C$4""","""='01_CONFIG_GLOBAL'!$C$14""",ref. única CONFIG!C14
02_SOHIPREN,345,taxa,"""='01_CONFIG_GLOBAL'!$C$4""","""='01_CONFIG_GLOBAL'!$C$14""",ref. única CONFIG!C14
02_SOHIPREN,346,taxa,"""='01_CONFIG_GLOBAL'!$C$4""","""='01_CONFIG_GLOBAL'!$C$14""",ref. única CONFIG!C14
02_SOHIPREN,347,taxa,"""='01_CONFIG_GLOBAL'!$C$4""","""='01_CONFIG_GLOBAL'!$C$14""",ref. única CONFIG!C14
02_SOHIPREN,348,taxa,"""='01_CONFIG_GLOBAL'!$C$4""","""='01_CONFIG_GLOBAL'!$C$14""",ref. única CONFIG!C14
02_SOHIPREN,349,taxa,"""='01_CONFIG_GLOBAL'!$C$4""","""='01_CONFIG_GLOBAL'!$C$14""",ref. única CONFIG!C14
02_SOHIPREN,350,taxa,"""='01_CONFIG_GLOBAL'!$C$4""","""='01_CONFIG_GLOBAL'!$C$14""",ref. única CONFIG!C14
02_SOHIPREN,351,taxa,"""='01_CONFIG_GLOBAL'!$C$4""","""='01_CONFIG_GLOBAL'!$C$14""",ref. única CONFIG!C14
02_SOHIPREN,352,taxa,"""='01_CONFIG_GLOBAL'!$C$4""","""='01_CONFIG_GLOBAL'!$C$14""",ref. única CONFIG!C14
02_SOHIPREN,353,taxa,"""='01_CONFIG_GLOBAL'!$C$4""","""='01_CONFIG_GLOBAL'!$C$14""",ref. única CONFIG!C14
02_SOHIPREN,354,taxa,"""='01_CONFIG_GLOBAL'!$C$4""","""='01_CONFIG_GLOBAL'!$C$14""",ref. única CONFIG!C14
02_SOHIPREN,355,taxa,"""='01_CONFIG_GLOBAL'!$C$4""","""='01_CONFIG_GLOBAL'!$C$14""",ref. única CONFIG!C14
02_SOHIPREN,356,taxa,"""='01_CONFIG_GLOBAL'!$C$4""","""='01_CONFIG_GLOBAL'!$C$14""",ref. única CONFIG!C14
02_SOHIPREN,357,taxa,"""='01_CONFIG_GLOBAL'!$C$4""","""='01_CONFIG_GLOBAL'!$C$14""",ref. única CONFIG!C14
02_SOHIPREN,358,taxa,"""='01_CONFIG_GLOBAL'!$C$4""","""='01_CONFIG_GLOBAL'!$C$14""",ref. única CONFIG!C14
02_SOHIPREN,359,taxa,"""='01_CONFIG_GLOBAL'!$C$4""","""='01_CONFIG_GLOBAL'!$C$14""",ref. única CONFIG!C14
02_SOHIPREN,360,taxa,"""='01_CONFIG_GLOBAL'!$C$4""","""='01_CONFIG_GLOBAL'!$C$14""",ref. única CONFIG!C14
02_SOHIPREN,361,taxa,"""='01_CONFIG_GLOBAL'!$C$4""","""='01_CONFIG_GLOBAL'!$C$14""",ref. única CONFIG!C14
02_SOHIPREN,362,taxa,"""='01_CONFIG_GLOBAL'!$C$4""","""='01_CONFIG_GLOBAL'!$C$14""",ref. única CONFIG!C14
02_SOHIPREN,363,taxa,"""='01_CONFIG_GLOBAL'!$C$4""","""='01_CONFIG_GLOBAL'!$C$14""",ref. única CONFIG!C14
02_SOHIPREN,364,taxa,"""='01_CONFIG_GLOBAL'!$C$4""","""='01_CONFIG_GLOBAL'!$C$14""",ref. única CONFIG!C14
02_SOHIPREN,365,taxa,"""='01_CONFIG_GLOBAL'!$C$4""","""='01_CONFIG_GLOBAL'!$C$14""",ref. única CONFIG!C14
02_SOHIPREN,366,taxa,"""='01_CONFIG_GLOBAL'!$C$4""","""='01_CONFIG_GLOBAL'!$C$14""",ref. única CONFIG!C14
02_SOHIPREN,367,taxa,"""='01_CONFIG_GLOBAL'!$C$4""","""='01_CONFIG_GLOBAL'!$C$14""",ref. única CONFIG!C14
02_SOHIPREN,368,taxa,"""='01_CONFIG_GLOBAL'!$C$4""","""='01_CONFIG_GLOBAL'!$C$14""",ref. única CONFIG!C14
02_SOHIPREN,369,taxa,"""='01_CONFIG_GLOBAL'!$C$4""","""='01_CONFIG_GLOBAL'!$C$14""",ref. única CONFIG!C14
02_SOHIPREN,370,taxa,"""='01_CONFIG_GLOBAL'!$C$4""","""='01_CONFIG_GLOBAL'!$C$14""",ref. única CONFIG!C14
02_SOHIPREN,371,taxa,"""='01_CONFIG_GLOBAL'!$C$4""","""='01_CONFIG_GLOBAL'!$C$14""",ref. única CONFIG!C14
02_SOHIPREN,372,taxa,"""='01_CONFIG_GLOBAL'!$C$4""","""='01_CONFIG_GLOBAL'!$C$14""",ref. única CONFIG!C14
02_SOHIPREN,373,taxa,"""='01_CONFIG_GLOBAL'!$C$4""","""='01_CONFIG_GLOBAL'!$C$14""",ref. única CONFIG!C14
02_SOHIPREN,374,taxa,"""='01_CONFIG_GLOBAL'!$C$4""","""='01_CONFIG_GLOBAL'!$C$14""",ref. única CONFIG!C14
02_SOHIPREN,375,taxa,"""='01_CONFIG_GLOBAL'!$C$4""","""='01_CONFIG_GLOBAL'!$C$14""",ref. única CONFIG!C14
02_SOHIPREN,376,taxa,"""='01_CONFIG_GLOBAL'!$C$4""","""='01_CONFIG_GLOBAL'!$C$14""",ref. única CONFIG!C14
02_SOHIPREN,377,taxa,"""='01_CONFIG_GLOBAL'!$C$4""","""='01_CONFIG_GLOBAL'!$C$14""",ref. única CONFIG!C14
02_SOHIPREN,378,taxa,"""='01_CONFIG_GLOBAL'!$C$4""","""='01_CONFIG_GLOBAL'!$C$14""",ref. única CONFIG!C14
02_SOHIPREN,379,taxa,"""='01_CONFIG_GLOBAL'!$C$4""","""='01_CONFIG_GLOBAL'!$C$14""",ref. única CONFIG!C14
02_SOHIPREN,380,taxa,"""='01_CONFIG_GLOBAL'!$C$4""","""='01_CONFIG_GLOBAL'!$C$14""",ref. única CONFIG!C14
02_SOHIPREN,381,taxa,"""='01_CONFIG_GLOBAL'!$C$4""","""='01_CONFIG_GLOBAL'!$C$14""",ref. única CONFIG!C14
02_SOHIPREN,382,taxa,"""='01_CONFIG_GLOBAL'!$C$4""","""='01_CONFIG_GLOBAL'!$C$14""",ref. única CONFIG!C14
02_SOHIPREN,383,taxa,"""='01_CONFIG_GLOBAL'!$C$4""","""='01_CONFIG_GLOBAL'!$C$14""",ref. única CONFIG!C14
02_SOHIPREN,384,taxa,"""='01_CONFIG_GLOBAL'!$C$4""","""='01_CONFIG_GLOBAL'!$C$14""",ref. única CONFIG!C14
02_SOHIPREN,385,taxa,"""='01_CONFIG_GLOBAL'!$C$4""","""='01_CONFIG_GLOBAL'!$C$14""",ref. única CONFIG!C14
02_SOHIPREN,386,taxa,"""='01_CONFIG_GLOBAL'!$C$4""","""='01_CONFIG_GLOBAL'!$C$14""",ref. única CONFIG!C14
02_SOHIPREN,387,taxa,"""='01_CONFIG_GLOBAL'!$C$4""","""='01_CONFIG_GLOBAL'!$C$14""",ref. única CONFIG!C14
02_SOHIPREN,388,taxa,"""='01_CONFIG_GLOBAL'!$C$4""","""='01_CONFIG_GLOBAL'!$C$14""",ref. única CONFIG!C14
02_SOHIPREN,389,taxa,"""='01_CONFIG_GLOBAL'!$C$4""","""='01_CONFIG_GLOBAL'!$C$14""",ref. única CONFIG!C14
02_SOHIPREN,390,taxa,"""='01_CONFIG_GLOBAL'!$C$4""","""='01_CONFIG_GLOBAL'!$C$14""",ref. única CONFIG!C14
02_SOHIPREN,391,taxa,"""='01_CONFIG_GLOBAL'!$C$4""","""='01_CONFIG_GLOBAL'!$C$14""",ref. única CONFIG!C14
02_SOHIPREN,392,taxa,"""='01_CONFIG_GLOBAL'!$C$4""","""='01_CONFIG_GLOBAL'!$C$14""",ref. única CONFIG!C14
02_SOHIPREN,393,taxa,"""='01_CONFIG_GLOBAL'!$C$4""","""='01_CONFIG_GLOBAL'!$C$14""",ref. única CONFIG!C14
02_SOHIPREN,394,taxa,"""='01_CONFIG_GLOBAL'!$C$4""","""='01_CONFIG_GLOBAL'!$C$14""",ref. única CONFIG!C14
02_SOHIPREN,395,taxa,"""='01_CONFIG_GLOBAL'!$C$4""","""='01_CONFIG_GLOBAL'!$C$14""",ref. única CONFIG!C14
02_SOHIPREN,396,taxa,"""='01_CONFIG_GLOBAL'!$C$4""","""='01_CONFIG_GLOBAL'!$C$14""",ref. única CONFIG!C14
02_SOHIPREN,397,taxa,"""='01_CONFIG_GLOBAL'!$C$4""","""='01_CONFIG_GLOBAL'!$C$14""",ref. única CONFIG!C14
02_SOHIPREN,398,taxa,"""='01_CONFIG_GLOBAL'!$C$4""","""='01_CONFIG_GLOBAL'!$C$14""",ref. única CONFIG!C14
02_SOHIPREN,399,taxa,"""='01_CONFIG_GLOBAL'!$C$4""","""='01_CONFIG_GLOBAL'!$C$14""",ref. única CONFIG!C14
02_SOHIPREN,400,taxa,"""='01_CONFIG_GLOBAL'!$C$4""","""='01_CONFIG_GLOBAL'!$C$14""",ref. única CONFIG!C14
02_SOHIPREN,401,taxa,"""='01_CONFIG_GLOBAL'!$C$4""","""='01_CONFIG_GLOBAL'!$C$14""",ref. única CONFIG!C14
02_SOHIPREN,402,taxa,"""='01_CONFIG_GLOBAL'!$C$4""","""='01_CONFIG_GLOBAL'!$C$14""",ref. única CONFIG!C14
02_SOHIPREN,403,taxa,"""='01_CONFIG_GLOBAL'!$C$4""","""='01_CONFIG_GLOBAL'!$C$14""",ref. única CONFIG!C14
02_SOHIPREN,404,taxa,"""='01_CONFIG_GLOBAL'!$C$4""","""='01_CONFIG_GLOBAL'!$C$14""",ref. única CONFIG!C14
02_SOHIPREN,405,taxa,"""='01_CONFIG_GLOBAL'!$C$4""","""='01_CONFIG_GLOBAL'!$C$14""",ref. única CONFIG!C14
02_SOHIPREN,406,taxa,"""='01_CONFIG_GLOBAL'!$C$4""","""='01_CONFIG_GLOBAL'!$C$14""",ref. única CONFIG!C14
02_SOHIPREN,407,taxa,"""='01_CONFIG_GLOBAL'!$C$4""","""='01_CONFIG_GLOBAL'!$C$14""",ref. única CONFIG!C14
02_SOHIPREN,408,taxa,"""='01_CONFIG_GLOBAL'!$C$4""","""='01_CONFIG_GLOBAL'!$C$14""",ref. única CONFIG!C14
02_SOHIPREN,409,taxa,"""='01_CONFIG_GLOBAL'!$C$4""","""='01_CONFIG_GLOBAL'!$C$14""",ref. única CONFIG!C14
02_SOHIPREN,410,taxa,"""='01_CONFIG_GLOBAL'!$C$4""","""='01_CONFIG_GLOBAL'!$C$14""",ref. única CONFIG!C14
02_SOHIPREN,411,taxa,"""='01_CONFIG_GLOBAL'!$C$4""","""='01_CONFIG_GLOBAL'!$C$14""",ref. única CONFIG!C14
02_SOHIPREN,412,taxa,"""='01_CONFIG_GLOBAL'!$C$4""","""='01_CONFIG_GLOBAL'!$C$14""",ref. única CONFIG!C14
02_SOHIPREN,413,taxa,"""='01_CONFIG_GLOBAL'!$C$4""","""='01_CONFIG_GLOBAL'!$C$14""",ref. única CONFIG!C14
02_SOHIPREN,414,taxa,"""='01_CONFIG_GLOBAL'!$C$4""","""='01_CONFIG_GLOBAL'!$C$14""",ref. única CONFIG!C14
02_SOHIPREN,415,taxa,"""='01_CONFIG_GLOBAL'!$C$4""","""='01_CONFIG_GLOBAL'!$C$14""",ref. única CONFIG!C14
02_SOHIPREN,416,taxa,"""='01_CONFIG_GLOBAL'!$C$4""","""='01_CONFIG_GLOBAL'!$C$14""",ref. única CONFIG!C14
02_SOHIPREN,417,taxa,"""='01_CONFIG_GLOBAL'!$C$4""","""='01_CONFIG_GLOBAL'!$C$14""",ref. única CONFIG!C14
02_SOHIPREN,418,taxa,"""='01_CONFIG_GLOBAL'!$C$4""","""='01_CONFIG_GLOBAL'!$C$14""",ref. única CONFIG!C14
02_SOHIPREN,419,taxa,"""='01_CONFIG_GLOBAL'!$C$4""","""='01_CONFIG_GLOBAL'!$C$14""",ref. única CONFIG!C14
02_SOHIPREN,420,taxa,"""='01_CONFIG_GLOBAL'!$C$4""","""='01_CONFIG_GLOBAL'!$C$14""",ref. única CONFIG!C14
02_SOHIPREN,421,taxa,"""='01_CONFIG_GLOBAL'!$C$4""","""='01_CONFIG_GLOBAL'!$C$14""",ref. única CONFIG!C14
02_SOHIPREN,422,taxa,"""='01_CONFIG_GLOBAL'!$C$4""","""='01_CONFIG_GLOBAL'!$C$14""",ref. única CONFIG!C14
02_SOHIPREN,423,taxa,"""='01_CONFIG_GLOBAL'!$C$4""","""='01_CONFIG_GLOBAL'!$C$14""",ref. única CONFIG!C14
02_SOHIPREN,424,taxa,"""='01_CONFIG_GLOBAL'!$C$4""","""='01_CONFIG_GLOBAL'!$C$14""",ref. única CONFIG!C14
02_SOHIPREN,425,taxa,"""='01_CONFIG_GLOBAL'!$C$4""","""='01_CONFIG_GLOBAL'!$C$14""",ref. única CONFIG!C14
02_SOHIPREN,426,taxa,"""='01_CONFIG_GLOBAL'!$C$4""","""='01_CONFIG_GLOBAL'!$C$14""",ref. única CONFIG!C14
02_SOHIPREN,427,taxa,"""='01_CONFIG_GLOBAL'!$C$4""","""='01_CONFIG_GLOBAL'!$C$14""",ref. única CONFIG!C14
02_SOHIPREN,428,taxa,"""='01_CONFIG_GLOBAL'!$C$4""","""='01_CONFIG_GLOBAL'!$C$14""",ref. única CONFIG!C14
02_SOHIPREN,429,taxa,"""='01_CONFIG_GLOBAL'!$C$4""","""='01_CONFIG_GLOBAL'!$C$14""",ref. única CONFIG!C14
02_SOHIPREN,430,taxa,"""='01_CONFIG_GLOBAL'!$C$4""","""='01_CONFIG_GLOBAL'!$C$14""",ref. única CONFIG!C14
02_SOHIPREN,431,taxa,"""='01_CONFIG_GLOBAL'!$C$4""","""='01_CONFIG_GLOBAL'!$C$14""",ref. única CONFIG!C14
02_SOHIPREN,432,taxa,"""='01_CONFIG_GLOBAL'!$C$4""","""='01_CONFIG_GLOBAL'!$C$14""",ref. única CONFIG!C14
02_SOHIPREN,433,taxa,"""='01_CONFIG_GLOBAL'!$C$4""","""='01_CONFIG_GLOBAL'!$C$14""",ref. única CONFIG!C14
02_SOHIPREN,434,taxa,"""='01_CONFIG_GLOBAL'!$C$4""","""='01_CONFIG_GLOBAL'!$C$14""",ref. única CONFIG!C14
02_SOHIPREN,435,taxa,"""='01_CONFIG_GLOBAL'!$C$4""","""='01_CONFIG_GLOBAL'!$C$14""",ref. única CONFIG!C14
02_SOHIPREN,436,taxa,"""='01_CONFIG_GLOBAL'!$C$4""","""='01_CONFIG_GLOBAL'!$C$14""",ref. única CONFIG!C14
02_SOHIPREN,437,taxa,"""='01_CONFIG_GLOBAL'!$C$4""","""='01_CONFIG_GLOBAL'!$C$14""",ref. única CONFIG!C14
02_SOHIPREN,438,taxa,"""='01_CONFIG_GLOBAL'!$C$4""","""='01_CONFIG_GLOBAL'!$C$14""",ref. única CONFIG!C14
02_SOHIPREN,439,taxa,"""='01_CONFIG_GLOBAL'!$C$4""","""='01_CONFIG_GLOBAL'!$C$14""",ref. única CONFIG!C14
02_SOHIPREN,440,taxa,"""='01_CONFIG_GLOBAL'!$C$4""","""='01_CONFIG_GLOBAL'!$C$14""",ref. única CONFIG!C14
02_SOHIPREN,441,taxa,"""='01_CONFIG_GLOBAL'!$C$4""","""='01_CONFIG_GLOBAL'!$C$14""",ref. única CONFIG!C14
02_SOHIPREN,442,taxa,"""='01_CONFIG_GLOBAL'!$C$4""","""='01_CONFIG_GLOBAL'!$C$14""",ref. única CONFIG!C14
02_SOHIPREN,443,taxa,"""='01_CONFIG_GLOBAL'!$C$4""","""='01_CONFIG_GLOBAL'!$C$14""",ref. única CONFIG!C14
02_SOHIPREN,444,taxa,"""='01_CONFIG_GLOBAL'!$C$4""","""='01_CONFIG_GLOBAL'!$C$14""",ref. única CONFIG!C14
02_SOHIPREN,445,taxa,"""='01_CONFIG_GLOBAL'!$C$4""","""='01_CONFIG_GLOBAL'!$C$14""",ref. única CONFIG!C14
02_SOHIPREN,446,taxa,"""='01_CONFIG_GLOBAL'!$C$4""","""='01_CONFIG_GLOBAL'!$C$14""",ref. única CONFIG!C14
02_SOHIPREN,447,taxa,"""='01_CONFIG_GLOBAL'!$C$4""","""='01_CONFIG_GLOBAL'!$C$14""",ref. única CONFIG!C14
02_SOHIPREN,448,taxa,"""='01_CONFIG_GLOBAL'!$C$4""","""='01_CONFIG_GLOBAL'!$C$14""",ref. única CONFIG!C14
02_SOHIPREN,449,taxa,"""='01_CONFIG_GLOBAL'!$C$4""","""='01_CONFIG_GLOBAL'!$C$14""",ref. única CONFIG!C14
02_SOHIPREN,450,taxa,"""='01_CONFIG_GLOBAL'!$C$4""","""='01_CONFIG_GLOBAL'!$C$14""",ref. única CONFIG!C14
02_SOHIPREN,451,taxa,"""='01_CONFIG_GLOBAL'!$C$4""","""='01_CONFIG_GLOBAL'!$C$14""",ref. única CONFIG!C14
02_SOHIPREN,452,taxa,"""='01_CONFIG_GLOBAL'!$C$4""","""='01_CONFIG_GLOBAL'!$C$14""",ref. única CONFIG!C14
02_SOHIPREN,453,taxa,"""='01_CONFIG_GLOBAL'!$C$4""","""='01_CONFIG_GLOBAL'!$C$14""",ref. única CONFIG!C14
02_SOHIPREN,454,taxa,"""='01_CONFIG_GLOBAL'!$C$4""","""='01_CONFIG_GLOBAL'!$C$14""",ref. única CONFIG!C14
02_SOHIPREN,455,taxa,"""='01_CONFIG_GLOBAL'!$C$4""","""='01_CONFIG_GLOBAL'!$C$14""",ref. única CONFIG!C14
02_SOHIPREN,456,taxa,"""='01_CONFIG_GLOBAL'!$C$4""","""='01_CONFIG_GLOBAL'!$C$14""",ref. única CONFIG!C14
02_SOHIPREN,457,taxa,"""='01_CONFIG_GLOBAL'!$C$4""","""='01_CONFIG_GLOBAL'!$C$14""",ref. única CONFIG!C14
02_SOHIPREN,458,taxa,"""='01_CONFIG_GLOBAL'!$C$4""","""='01_CONFIG_GLOBAL'!$C$14""",ref. única CONFIG!C14
02_SOHIPREN,459,taxa,"""='01_CONFIG_GLOBAL'!$C$4""","""='01_CONFIG_GLOBAL'!$C$14""",ref. única CONFIG!C14
02_SOHIPREN,460,taxa,"""='01_CONFIG_GLOBAL'!$C$4""","""='01_CONFIG_GLOBAL'!$C$14""",ref. única CONFIG!C14
02_SOHIPREN,461,taxa,"""='01_CONFIG_GLOBAL'!$C$4""","""='01_CONFIG_GLOBAL'!$C$14""",ref. única CONFIG!C14
02_SOHIPREN,462,taxa,"""='01_CONFIG_GLOBAL'!$C$4""","""='01_CONFIG_GLOBAL'!$C$14""",ref. única CONFIG!C14
02_SOHIPREN,463,taxa,"""='01_CONFIG_GLOBAL'!$C$4""","""='01_CONFIG_GLOBAL'!$C$14""",ref. única CONFIG!C14
02_SOHIPREN,464,taxa,"""='01_CONFIG_GLOBAL'!$C$4""","""='01_CONFIG_GLOBAL'!$C$14""",ref. única CONFIG!C14
02_SOHIPREN,465,taxa,"""='01_CONFIG_GLOBAL'!$C$4""","""='01_CONFIG_GLOBAL'!$C$14""",ref. única CONFIG!C14
02_SOHIPREN,466,taxa,"""='01_CONFIG_GLOBAL'!$C$4""","""='01_CONFIG_GLOBAL'!$C$14""",ref. única CONFIG!C14
02_SOHIPREN,467,taxa,"""='01_CONFIG_GLOBAL'!$C$4""","""='01_CONFIG_GLOBAL'!$C$14""",ref. única CONFIG!C14
02_SOHIPREN,468,taxa,"""='01_CONFIG_GLOBAL'!$C$4""","""='01_CONFIG_GLOBAL'!$C$14""",ref. única CONFIG!C14
02_SOHIPREN,469,taxa,"""='01_CONFIG_GLOBAL'!$C$4""","""='01_CONFIG_GLOBAL'!$C$14""",ref. única CONFIG!C14
02_SOHIPREN,470,taxa,"""='01_CONFIG_GLOBAL'!$C$4""","""='01_CONFIG_GLOBAL'!$C$14""",ref. única CONFIG!C14
02_SOHIPREN,471,taxa,"""='01_CONFIG_GLOBAL'!$C$4""","""='01_CONFIG_GLOBAL'!$C$14""",ref. única CONFIG!C14
02_SOHIPREN,472,taxa,"""='01_CONFIG_GLOBAL'!$C$4""","""='01_CONFIG_GLOBAL'!$C$14""",ref. única CONFIG!C14
02_SOHIPREN,473,taxa,"""='01_CONFIG_GLOBAL'!$C$4""","""='01_CONFIG_GLOBAL'!$C$14""",ref. única CONFIG!C14
02_SOHIPREN,474,taxa,"""='01_CONFIG_GLOBAL'!$C$4""","""='01_CONFIG_GLOBAL'!$C$14""",ref. única CONFIG!C14
02_SOHIPREN,475,taxa,"""='01_CONFIG_GLOBAL'!$C$4""","""='01_CONFIG_GLOBAL'!$C$14""",ref. única CONFIG!C14
02_SOHIPREN,476,taxa,"""='01_CONFIG_GLOBAL'!$C$4""","""='01_CONFIG_GLOBAL'!$C$14""",ref. única CONFIG!C14
02_SOHIPREN,477,taxa,"""='01_CONFIG_GLOBAL'!$C$4""","""='01_CONFIG_GLOBAL'!$C$14""",ref. única CONFIG!C14
02_SOHIPREN,478,taxa,"""='01_CONFIG_GLOBAL'!$C$4""","""='01_CONFIG_GLOBAL'!$C$14""",ref. única CONFIG!C14
02_SOHIPREN,479,taxa,"""='01_CONFIG_GLOBAL'!$C$4""","""='01_CONFIG_GLOBAL'!$C$14""",ref. única CONFIG!C14
02_SOHIPREN,480,taxa,"""='01_CONFIG_GLOBAL'!$C$4""","""='01_CONFIG_GLOBAL'!$C$14""",ref. única CONFIG!C14
02_SOHIPREN,481,taxa,"""='01_CONFIG_GLOBAL'!$C$4""","""='01_CONFIG_GLOBAL'!$C$14""",ref. única CONFIG!C14
02_SOHIPREN,482,taxa,"""='01_CONFIG_GLOBAL'!$C$4""","""='01_CONFIG_GLOBAL'!$C$14""",ref. única CONFIG!C14
02_SOHIPREN,483,taxa,"""='01_CONFIG_GLOBAL'!$C$4""","""='01_CONFIG_GLOBAL'!$C$14""",ref. única CONFIG!C14
02_SOHIPREN,484,taxa,"""='01_CONFIG_GLOBAL'!$C$4""","""='01_CONFIG_GLOBAL'!$C$14""",ref. única CONFIG!C14
02_SOHIPREN,485,taxa,"""='01_CONFIG_GLOBAL'!$C$4""","""='01_CONFIG_GLOBAL'!$C$14""",ref. única CONFIG!C14
02_SOHIPREN,486,taxa,"""='01_CONFIG_GLOBAL'!$C$4""","""='01_CONFIG_GLOBAL'!$C$14""",ref. única CONFIG!C14
02_SOHIPREN,487,taxa,"""='01_CONFIG_GLOBAL'!$C$4""","""='01_CONFIG_GLOBAL'!$C$14""",ref. única CONFIG!C14
02_SOHIPREN,488,taxa,"""='01_CONFIG_GLOBAL'!$C$4""","""='01_CONFIG_GLOBAL'!$C$14""",ref. única CONFIG!C14
02_SOHIPREN,489,taxa,"""='01_CONFIG_GLOBAL'!$C$4""","""='01_CONFIG_GLOBAL'!$C$14""",ref. única CONFIG!C14
02_SOHIPREN,490,taxa,"""='01_CONFIG_GLOBAL'!$C$4""","""='01_CONFIG_GLOBAL'!$C$14""",ref. única CONFIG!C14
02_SOHIPREN,491,taxa,"""='01_CONFIG_GLOBAL'!$C$4""","""='01_CONFIG_GLOBAL'!$C$14""",ref. única CONFIG!C14
02_SOHIPREN,492,taxa,"""='01_CONFIG_GLOBAL'!$C$4""","""='01_CONFIG_GLOBAL'!$C$14""",ref. única CONFIG!C14
02_SOHIPREN,493,taxa,"""='01_CONFIG_GLOBAL'!$C$4""","""='01_CONFIG_GLOBAL'!$C$14""",ref. única CONFIG!C14
02_SOHIPREN,494,taxa,"""='01_CONFIG_GLOBAL'!$C$4""","""='01_CONFIG_GLOBAL'!$C$14""",ref. única CONFIG!C14
02_SOHIPREN,495,taxa,"""='01_CONFIG_GLOBAL'!$C$4""","""='01_CONFIG_GLOBAL'!$C$14""",ref. única CONFIG!C14
02_SOHIPREN,496,taxa,"""='01_CONFIG_GLOBAL'!$C$4""","""='01_CONFIG_GLOBAL'!$C$14""",ref. única CONFIG!C14
02_SOHIPREN,497,taxa,"""='01_CONFIG_GLOBAL'!$C$4""","""='01_CONFIG_GLOBAL'!$C$14""",ref. única CONFIG!C14
02_SOHIPREN,498,taxa,"""='01_CONFIG_GLOBAL'!$C$4""","""='01_CONFIG_GLOBAL'!$C$14""",ref. única CONFIG!C14
02_SOHIPREN,499,taxa,"""='01_CONFIG_GLOBAL'!$C$4""","""='01_CONFIG_GLOBAL'!$C$14""",ref. única CONFIG!C14
02_SOHIPREN,500,taxa,"""='01_CONFIG_GLOBAL'!$C$4""","""='01_CONFIG_GLOBAL'!$C$14""",ref. única CONFIG!C14
02_SOHIPREN,501,taxa,"""='01_CONFIG_GLOBAL'!$C$4""","""='01_CONFIG_GLOBAL'!$C$14""",ref. única CONFIG!C14
02_SOHIPREN,502,taxa,"""='01_CONFIG_GLOBAL'!$C$4""","""='01_CONFIG_GLOBAL'!$C$14""",ref. única CONFIG!C14
02_SOHIPREN,503,taxa,"""='01_CONFIG_GLOBAL'!$C$4""","""='01_CONFIG_GLOBAL'!$C$14""",ref. única CONFIG!C14
02_SOHIPREN,504,taxa,"""='01_CONFIG_GLOBAL'!$C$4""","""='01_CONFIG_GLOBAL'!$C$14""",ref. única CONFIG!C14
02_SOHIPREN,505,taxa,"""='01_CONFIG_GLOBAL'!$C$4""","""='01_CONFIG_GLOBAL'!$C$14""",ref. única CONFIG!C14
02_SOHIPREN,506,taxa,"""='01_CONFIG_GLOBAL'!$C$4""","""='01_CONFIG_GLOBAL'!$C$14""",ref. única CONFIG!C14
02_SOHIPREN,507,taxa,"""='01_CONFIG_GLOBAL'!$C$4""","""='01_CONFIG_GLOBAL'!$C$14""",ref. única CONFIG!C14
02_SOHIPREN,508,taxa,"""='01_CONFIG_GLOBAL'!$C$4""","""='01_CONFIG_GLOBAL'!$C$14""",ref. única CONFIG!C14
02_SOHIPREN,509,taxa,"""='01_CONFIG_GLOBAL'!$C$4""","""='01_CONFIG_GLOBAL'!$C$14""",ref. única CONFIG!C14
02_SOHIPREN,510,taxa,"""='01_CONFIG_GLOBAL'!$C$4""","""='01_CONFIG_GLOBAL'!$C$14""",ref. única CONFIG!C14
02_SOHIPREN,511,taxa,"""='01_CONFIG_GLOBAL'!$C$4""","""='01_CONFIG_GLOBAL'!$C$14""",ref. única CONFIG!C14
02_SOHIPREN,512,taxa,"""='01_CONFIG_GLOBAL'!$C$4""","""='01_CONFIG_GLOBAL'!$C$14""",ref. única CONFIG!C14
02_SOHIPREN,513,taxa,"""='01_CONFIG_GLOBAL'!$C$4""","""='01_CONFIG_GLOBAL'!$C$14""",ref. única CONFIG!C14
02_SOHIPREN,514,taxa,"""='01_CONFIG_GLOBAL'!$C$4""","""='01_CONFIG_GLOBAL'!$C$14""",ref. única CONFIG!C14
02_SOHIPREN,515,taxa,"""='01_CONFIG_GLOBAL'!$C$4""","""='01_CONFIG_GLOBAL'!$C$14""",ref. única CONFIG!C14
02_SOHIPREN,516,taxa,"""='01_CONFIG_GLOBAL'!$C$4""","""='01_CONFIG_GLOBAL'!$C$14""",ref. única CONFIG!C14
02_SOHIPREN,517,taxa,"""='01_CONFIG_GLOBAL'!$C$4""","""='01_CONFIG_GLOBAL'!$C$14""",ref. única CONFIG!C14
02_SOHIPREN,518,taxa,"""='01_CONFIG_GLOBAL'!$C$4""","""='01_CONFIG_GLOBAL'!$C$14""",ref. única CONFIG!C14
02_SOHIPREN,519,taxa,"""='01_CONFIG_GLOBAL'!$C$4""","""='01_CONFIG_GLOBAL'!$C$14""",ref. única CONFIG!C14
02_SOHIPREN,520,taxa,"""='01_CONFIG_GLOBAL'!$C$4""","""='01_CONFIG_GLOBAL'!$C$14""",ref. única CONFIG!C14
02_SOHIPREN,521,taxa,"""='01_CONFIG_GLOBAL'!$C$4""","""='01_CONFIG_GLOBAL'!$C$14""",ref. única CONFIG!C14
02_SOHIPREN,522,taxa,"""='01_CONFIG_GLOBAL'!$C$4""","""='01_CONFIG_GLOBAL'!$C$14""",ref. única CONFIG!C14
02_SOHIPREN,523,taxa,"""='01_CONFIG_GLOBAL'!$C$4""","""='01_CONFIG_GLOBAL'!$C$14""",ref. única CONFIG!C14
02_SOHIPREN,524,taxa,"""='01_CONFIG_GLOBAL'!$C$4""","""='01_CONFIG_GLOBAL'!$C$14""",ref. única CONFIG!C14
02_SOHIPREN,525,taxa,"""='01_CONFIG_GLOBAL'!$C$4""","""='01_CONFIG_GLOBAL'!$C$14""",ref. única CONFIG!C14
02_SOHIPREN,526,taxa,"""='01_CONFIG_GLOBAL'!$C$4""","""='01_CONFIG_GLOBAL'!$C$14""",ref. única CONFIG!C14
02_SOHIPREN,527,taxa,"""='01_CONFIG_GLOBAL'!$C$4""","""='01_CONFIG_GLOBAL'!$C$14""",ref. única CONFIG!C14
02_SOHIPREN,528,taxa,"""='01_CONFIG_GLOBAL'!$C$4""","""='01_CONFIG_GLOBAL'!$C$14""",ref. única CONFIG!C14
02_SOHIPREN,529,taxa,"""='01_CONFIG_GLOBAL'!$C$4""","""='01_CONFIG_GLOBAL'!$C$14""",ref. única CONFIG!C14
02_SOHIPREN,530,taxa,"""='01_CONFIG_GLOBAL'!$C$4""","""='01_CONFIG_GLOBAL'!$C$14""",ref. única CONFIG!C14
02_SOHIPREN,531,taxa,"""='01_CONFIG_GLOBAL'!$C$4""","""='01_CONFIG_GLOBAL'!$C$14""",ref. única CONFIG!C14
02_SOHIPREN,532,taxa,"""='01_CONFIG_GLOBAL'!$C$4""","""='01_CONFIG_GLOBAL'!$C$14""",ref. única CONFIG!C14
02_SOHIPREN,533,taxa,"""='01_CONFIG_GLOBAL'!$C$4""","""='01_CONFIG_GLOBAL'!$C$14""",ref. única CONFIG!C14
02_SOHIPREN,534,taxa,"""='01_CONFIG_GLOBAL'!$C$4""","""='01_CONFIG_GLOBAL'!$C$14""",ref. única CONFIG!C14
02_SOHIPREN,535,taxa,"""='01_CONFIG_GLOBAL'!$C$4""","""='01_CONFIG_GLOBAL'!$C$14""",ref. única CONFIG!C14
02_SOHIPREN,536,taxa,"""='01_CONFIG_GLOBAL'!$C$4""","""='01_CONFIG_GLOBAL'!$C$14""",ref. única CONFIG!C14
02_SOHIPREN,537,taxa,"""='01_CONFIG_GLOBAL'!$C$4""","""='01_CONFIG_GLOBAL'!$C$14""",ref. única CONFIG!C14
02_SOHIPREN,538,taxa,"""='01_CONFIG_GLOBAL'!$C$4""","""='01_CONFIG_GLOBAL'!$C$14""",ref. única CONFIG!C14
02_SOHIPREN,539,taxa,"""='01_CONFIG_GLOBAL'!$C$4""","""='01_CONFIG_GLOBAL'!$C$14""",ref. única CONFIG!C14
02_SOHIPREN,540,taxa,"""='01_CONFIG_GLOBAL'!$C$4""","""='01_CONFIG_GLOBAL'!$C$14""",ref. única CONFIG!C14
02_SOHIPREN,541,taxa,"""='01_CONFIG_GLOBAL'!$C$4""","""='01_CONFIG_GLOBAL'!$C$14""",ref. única CONFIG!C14
02_SOHIPREN,542,taxa,"""='01_CONFIG_GLOBAL'!$C$4""","""='01_CONFIG_GLOBAL'!$C$14""",ref. única CONFIG!C14
02_SOHIPREN,543,taxa,"""='01_CONFIG_GLOBAL'!$C$4""","""='01_CONFIG_GLOBAL'!$C$14""",ref. única CONFIG!C14
02_SOHIPREN,544,taxa,"""='01_CONFIG_GLOBAL'!$C$4""","""='01_CONFIG_GLOBAL'!$C$14""",ref. única CONFIG!C14
02_SOHIPREN,545,taxa,"""='01_CONFIG_GLOBAL'!$C$4""","""='01_CONFIG_GLOBAL'!$C$14""",ref. única CONFIG!C14
02_SOHIPREN,546,taxa,"""='01_CONFIG_GLOBAL'!$C$4""","""='01_CONFIG_GLOBAL'!$C$14""",ref. única CONFIG!C14
02_SOHIPREN,547,taxa,"""='01_CONFIG_GLOBAL'!$C$4""","""='01_CONFIG_GLOBAL'!$C$14""",ref. única CONFIG!C14
02_SOHIPREN,548,taxa,"""='01_CONFIG_GLOBAL'!$C$4""","""='01_CONFIG_GLOBAL'!$C$14""",ref. única CONFIG!C14
02_SOHIPREN,549,taxa,"""='01_CONFIG_GLOBAL'!$C$4""","""='01_CONFIG_GLOBAL'!$C$14""",ref. única CONFIG!C14
02_SOHIPREN,550,taxa,"""='01_CONFIG_GLOBAL'!$C$4""","""='01_CONFIG_GLOBAL'!$C$14""",ref. única CONFIG!C14
02_SOHIPREN,551,taxa,"""='01_CONFIG_GLOBAL'!$C$4""","""='01_CONFIG_GLOBAL'!$C$14""",ref. única CONFIG!C14
02_SOHIPREN,552,taxa,"""='01_CONFIG_GLOBAL'!$C$4""","""='01_CONFIG_GLOBAL'!$C$14""",ref. única CONFIG!C14
02_SOHIPREN,553,taxa,"""='01_CONFIG_GLOBAL'!$C$4""","""='01_CONFIG_GLOBAL'!$C$14""",ref. única CONFIG!C14
02_SOHIPREN,554,taxa,"""='01_CONFIG_GLOBAL'!$C$4""","""='01_CONFIG_GLOBAL'!$C$14""",ref. única CONFIG!C14
02_SOHIPREN,555,taxa,"""='01_CONFIG_GLOBAL'!$C$4""","""='01_CONFIG_GLOBAL'!$C$14""",ref. única CONFIG!C14
02_SOHIPREN,556,taxa,"""='01_CONFIG_GLOBAL'!$C$4""","""='01_CONFIG_GLOBAL'!$C$14""",ref. única CONFIG!C14
02_SOHIPREN,557,taxa,"""='01_CONFIG_GLOBAL'!$C$4""","""='01_CONFIG_GLOBAL'!$C$14""",ref. única CONFIG!C14
02_SOHIPREN,558,taxa,"""='01_CONFIG_GLOBAL'!$C$4""","""='01_CONFIG_GLOBAL'!$C$14""",ref. única CONFIG!C14
02_SOHIPREN,559,taxa,"""='01_CONFIG_GLOBAL'!$C$4""","""='01_CONFIG_GLOBAL'!$C$14""",ref. única CONFIG!C14
02_SOHIPREN,560,taxa,"""='01_CONFIG_GLOBAL'!$C$4""","""='01_CONFIG_GLOBAL'!$C$14""",ref. única CONFIG!C14
02_SOHIPREN,561,taxa,"""='01_CONFIG_GLOBAL'!$C$4""","""='01_CONFIG_GLOBAL'!$C$14""",ref. única CONFIG!C14
02_SOHIPREN,562,taxa,"""='01_CONFIG_GLOBAL'!$C$4""","""='01_CONFIG_GLOBAL'!$C$14""",ref. única CONFIG!C14
02_SOHIPREN,563,taxa,"""='01_CONFIG_GLOBAL'!$C$4""","""='01_CONFIG_GLOBAL'!$C$14""",ref. única CONFIG!C14
02_SOHIPREN,564,taxa,"""='01_CONFIG_GLOBAL'!$C$4""","""='01_CONFIG_GLOBAL'!$C$14""",ref. única CONFIG!C14
02_SOHIPREN,565,taxa,"""='01_CONFIG_GLOBAL'!$C$4""","""='01_CONFIG_GLOBAL'!$C$14""",ref. única CONFIG!C14
02_SOHIPREN,566,taxa,"""='01_CONFIG_GLOBAL'!$C$4""","""='01_CONFIG_GLOBAL'!$C$14""",ref. única CONFIG!C14
02_SOHIPREN,567,taxa,"""='01_CONFIG_GLOBAL'!$C$4""","""='01_CONFIG_GLOBAL'!$C$14""",ref. única CONFIG!C14
02_SOHIPREN,568,taxa,"""='01_CONFIG_GLOBAL'!$C$4""","""='01_CONFIG_GLOBAL'!$C$14""",ref. única CONFIG!C14
02_SOHIPREN,569,taxa,"""='01_CONFIG_GLOBAL'!$C$4""","""='01_CONFIG_GLOBAL'!$C$14""",ref. única CONFIG!C14
02_SOHIPREN,570,taxa,"""='01_CONFIG_GLOBAL'!$C$4""","""='01_CONFIG_GLOBAL'!$C$14""",ref. única CONFIG!C14
02_SOHIPREN,571,taxa,"""='01_CONFIG_GLOBAL'!$C$4""","""='01_CONFIG_GLOBAL'!$C$14""",ref. única CONFIG!C14
02_SOHIPREN,572,taxa,"""='01_CONFIG_GLOBAL'!$C$4""","""='01_CONFIG_GLOBAL'!$C$14""",ref. única CONFIG!C14
02_SOHIPREN,573,taxa,"""='01_CONFIG_GLOBAL'!$C$4""","""='01_CONFIG_GLOBAL'!$C$14""",ref. única CONFIG!C14
02_SOHIPREN,574,taxa,"""='01_CONFIG_GLOBAL'!$C$4""","""='01_CONFIG_GLOBAL'!$C$14""",ref. única CONFIG!C14
02_SOHIPREN,575,taxa,"""='01_CONFIG_GLOBAL'!$C$4""","""='01_CONFIG_GLOBAL'!$C$14""",ref. única CONFIG!C14
02_SOHIPREN,576,taxa,"""='01_CONFIG_GLOBAL'!$C$4""","""='01_CONFIG_GLOBAL'!$C$14""",ref. única CONFIG!C14
02_SOHIPREN,577,taxa,"""='01_CONFIG_GLOBAL'!$C$4""","""='01_CONFIG_GLOBAL'!$C$14""",ref. única CONFIG!C14
02_SOHIPREN,578,taxa,"""='01_CONFIG_GLOBAL'!$C$4""","""='01_CONFIG_GLOBAL'!$C$14""",ref. única CONFIG!C14
02_SOHIPREN,579,taxa,"""='01_CONFIG_GLOBAL'!$C$4""","""='01_CONFIG_GLOBAL'!$C$14""",ref. única CONFIG!C14
02_SOHIPREN,580,taxa,"""='01_CONFIG_GLOBAL'!$C$4""","""='01_CONFIG_GLOBAL'!$C$14""",ref. única CONFIG!C14
02_SOHIPREN,581,taxa,"""='01_CONFIG_GLOBAL'!$C$4""","""='01_CONFIG_GLOBAL'!$C$14""",ref. única CONFIG!C14
02_SOHIPREN,582,taxa,"""='01_CONFIG_GLOBAL'!$C$4""","""='01_CONFIG_GLOBAL'!$C$14""",ref. única CONFIG!C14
02_SOHIPREN,583,taxa,"""='01_CONFIG_GLOBAL'!$C$4""","""='01_CONFIG_GLOBAL'!$C$14""",ref. única CONFIG!C14
02_SOHIPREN,584,taxa,"""='01_CONFIG_GLOBAL'!$C$4""","""='01_CONFIG_GLOBAL'!$C$14""",ref. única CONFIG!C14
02_SOHIPREN,585,taxa,"""='01_CONFIG_GLOBAL'!$C$4""","""='01_CONFIG_GLOBAL'!$C$14""",ref. única CONFIG!C14
02_SOHIPREN,586,taxa,"""='01_CONFIG_GLOBAL'!$C$4""","""='01_CONFIG_GLOBAL'!$C$14""",ref. única CONFIG!C14
02_SOHIPREN,587,taxa,"""='01_CONFIG_GLOBAL'!$C$4""","""='01_CONFIG_GLOBAL'!$C$14""",ref. única CONFIG!C14
02_SOHIPREN,588,taxa,"""='01_CONFIG_GLOBAL'!$C$4""","""='01_CONFIG_GLOBAL'!$C$14""",ref. única CONFIG!C14
02_SOHIPREN,589,taxa,"""='01_CONFIG_GLOBAL'!$C$4""","""='01_CONFIG_GLOBAL'!$C$14""",ref. única CONFIG!C14
02_SOHIPREN,590,taxa,"""='01_CONFIG_GLOBAL'!$C$4""","""='01_CONFIG_GLOBAL'!$C$14""",ref. única CONFIG!C14
02_SOHIPREN,591,taxa,"""='01_CONFIG_GLOBAL'!$C$4""","""='01_CONFIG_GLOBAL'!$C$14""",ref. única CONFIG!C14
02_SOHIPREN,592,taxa,"""='01_CONFIG_GLOBAL'!$C$4""","""='01_CONFIG_GLOBAL'!$C$14""",ref. única CONFIG!C14
02_SOHIPREN,593,taxa,"""='01_CONFIG_GLOBAL'!$C$4""","""='01_CONFIG_GLOBAL'!$C$14""",ref. única CONFIG!C14
02_SOHIPREN,594,taxa,"""='01_CONFIG_GLOBAL'!$C$4""","""='01_CONFIG_GLOBAL'!$C$14""",ref. única CONFIG!C14
02_SOHIPREN,595,taxa,"""='01_CONFIG_GLOBAL'!$C$4""","""='01_CONFIG_GLOBAL'!$C$14""",ref. única CONFIG!C14
02_SOHIPREN,596,taxa,"""='01_CONFIG_GLOBAL'!$C$4""","""='01_CONFIG_GLOBAL'!$C$14""",ref. única CONFIG!C14
02_SOHIPREN,597,taxa,"""='01_CONFIG_GLOBAL'!$C$4""","""='01_CONFIG_GLOBAL'!$C$14""",ref. única CONFIG!C14
02_SOHIPREN,598,taxa,"""='01_CONFIG_GLOBAL'!$C$4""","""='01_CONFIG_GLOBAL'!$C$14""",ref. única CONFIG!C14
02_SOHIPREN,599,taxa,"""='01_CONFIG_GLOBAL'!$C$4""","""='01_CONFIG_GLOBAL'!$C$14""",ref. única CONFIG!C14
02_SOHIPREN,600,taxa,"""='01_CONFIG_GLOBAL'!$C$4""","""='01_CONFIG_GLOBAL'!$C$14""",ref. única CONFIG!C14
02_SOHIPREN,601,taxa,"""='01_CONFIG_GLOBAL'!$C$4""","""='01_CONFIG_GLOBAL'!$C$14""",ref. única CONFIG!C14
02_SOHIPREN,602,taxa,"""='01_CONFIG_GLOBAL'!$C$4""","""='01_CONFIG_GLOBAL'!$C$14""",ref. única CONFIG!C14
02_SOHIPREN,603,taxa,"""='01_CONFIG_GLOBAL'!$C$4""","""='01_CONFIG_GLOBAL'!$C$14""",ref. única CONFIG!C14
02_SOHIPREN,604,taxa,"""='01_CONFIG_GLOBAL'!$C$4""","""='01_CONFIG_GLOBAL'!$C$14""",ref. única CONFIG!C14
02_SOHIPREN,605,taxa,"""='01_CONFIG_GLOBAL'!$C$4""","""='01_CONFIG_GLOBAL'!$C$14""",ref. única CONFIG!C14
02_SOHIPREN,606,taxa,"""='01_CONFIG_GLOBAL'!$C$4""","""='01_CONFIG_GLOBAL'!$C$14""",ref. única CONFIG!C14
02_SOHIPREN,607,taxa,"""='01_CONFIG_GLOBAL'!$C$4""","""='01_CONFIG_GLOBAL'!$C$14""",ref. única CONFIG!C14
02_SOHIPREN,608,taxa,"""='01_CONFIG_GLOBAL'!$C$4""","""='01_CONFIG_GLOBAL'!$C$14""",ref. única CONFIG!C14
02_SOHIPREN,609,taxa,"""='01_CONFIG_GLOBAL'!$C$4""","""='01_CONFIG_GLOBAL'!$C$14""",ref. única CONFIG!C14
02_SOHIPREN,610,taxa,"""='01_CONFIG_GLOBAL'!$C$4""","""='01_CONFIG_GLOBAL'!$C$14""",ref. única CONFIG!C14
02_SOHIPREN,611,taxa,"""='01_CONFIG_GLOBAL'!$C$4""","""='01_CONFIG_GLOBAL'!$C$14""",ref. única CONFIG!C14
02_SOHIPREN,612,taxa,"""='01_CONFIG_GLOBAL'!$C$4""","""='01_CONFIG_GLOBAL'!$C$14""",ref. única CONFIG!C14
02_SOHIPREN,613,taxa,"""='01_CONFIG_GLOBAL'!$C$4""","""='01_CONFIG_GLOBAL'!$C$14""",ref. única CONFIG!C14
02_SOHIPREN,614,taxa,"""='01_CONFIG_GLOBAL'!$C$4""","""='01_CONFIG_GLOBAL'!$C$14""",ref. única CONFIG!C14
02_SOHIPREN,615,taxa,"""='01_CONFIG_GLOBAL'!$C$4""","""='01_CONFIG_GLOBAL'!$C$14""",ref. única CONFIG!C14
02_SOHIPREN,616,taxa,"""='01_CONFIG_GLOBAL'!$C$4""","""='01_CONFIG_GLOBAL'!$C$14""",ref. única CONFIG!C14
02_SOHIPREN,617,taxa,"""='01_CONFIG_GLOBAL'!$C$4""","""='01_CONFIG_GLOBAL'!$C$14""",ref. única CONFIG!C14
02_SOHIPREN,618,taxa,"""='01_CONFIG_GLOBAL'!$C$4""","""='01_CONFIG_GLOBAL'!$C$14""",ref. única CONFIG!C14
02_SOHIPREN,619,taxa,"""='01_CONFIG_GLOBAL'!$C$4""","""='01_CONFIG_GLOBAL'!$C$14""",ref. única CONFIG!C14
02_SOHIPREN,620,taxa,"""='01_CONFIG_GLOBAL'!$C$4""","""='01_CONFIG_GLOBAL'!$C$14""",ref. única CONFIG!C14
02_SOHIPREN,621,taxa,"""='01_CONFIG_GLOBAL'!$C$4""","""='01_CONFIG_GLOBAL'!$C$14""",ref. única CONFIG!C14
02_SOHIPREN,622,taxa,"""='01_CONFIG_GLOBAL'!$C$4""","""='01_CONFIG_GLOBAL'!$C$14""",ref. única CONFIG!C14
02_SOHIPREN,623,taxa,"""='01_CONFIG_GLOBAL'!$C$4""","""='01_CONFIG_GLOBAL'!$C$14""",ref. única CONFIG!C14
02_SOHIPREN,624,taxa,"""='01_CONFIG_GLOBAL'!$C$4""","""='01_CONFIG_GLOBAL'!$C$14""",ref. única CONFIG!C14
02_SOHIPREN,625,taxa,"""='01_CONFIG_GLOBAL'!$C$4""","""='01_CONFIG_GLOBAL'!$C$14""",ref. única CONFIG!C14
02_SOHIPREN,626,taxa,"""='01_CONFIG_GLOBAL'!$C$4""","""='01_CONFIG_GLOBAL'!$C$14""",ref. única CONFIG!C14
02_SOHIPREN,627,taxa,"""='01_CONFIG_GLOBAL'!$C$4""","""='01_CONFIG_GLOBAL'!$C$14""",ref. única CONFIG!C14
02_SOHIPREN,628,taxa,"""='01_CONFIG_GLOBAL'!$C$4""","""='01_CONFIG_GLOBAL'!$C$14""",ref. única CONFIG!C14
02_SOHIPREN,629,taxa,"""='01_CONFIG_GLOBAL'!$C$4""","""='01_CONFIG_GLOBAL'!$C$14""",ref. única CONFIG!C14
02_SOHIPREN,630,taxa,"""='01_CONFIG_GLOBAL'!$C$4""","""='01_CONFIG_GLOBAL'!$C$14""",ref. única CONFIG!C14
02_SOHIPREN,631,taxa,"""='01_CONFIG_GLOBAL'!$C$4""","""='01_CONFIG_GLOBAL'!$C$14""",ref. única CONFIG!C14
02_SOHIPREN,632,taxa,"""='01_CONFIG_GLOBAL'!$C$4""","""='01_CONFIG_GLOBAL'!$C$14""",ref. única CONFIG!C14
02_SOHIPREN,633,taxa,"""='01_CONFIG_GLOBAL'!$C$4""","""='01_CONFIG_GLOBAL'!$C$14""",ref. única CONFIG!C14
02_SOHIPREN,634,taxa,"""='01_CONFIG_GLOBAL'!$C$4""","""='01_CONFIG_GLOBAL'!$C$14""",ref. única CONFIG!C14
02_SOHIPREN,635,taxa,"""='01_CONFIG_GLOBAL'!$C$4""","""='01_CONFIG_GLOBAL'!$C$14""",ref. única CONFIG!C14
02_SOHIPREN,636,taxa,"""='01_CONFIG_GLOBAL'!$C$4""","""='01_CONFIG_GLOBAL'!$C$14""",ref. única CONFIG!C14
02_SOHIPREN,637,taxa,"""='01_CONFIG_GLOBAL'!$C$4""","""='01_CONFIG_GLOBAL'!$C$14""",ref. única CONFIG!C14
02_SOHIPREN,638,taxa,"""='01_CONFIG_GLOBAL'!$C$4""","""='01_CONFIG_GLOBAL'!$C$14""",ref. única CONFIG!C14
02_SOHIPREN,639,taxa,"""='01_CONFIG_GLOBAL'!$C$4""","""='01_CONFIG_GLOBAL'!$C$14""",ref. única CONFIG!C14
02_SOHIPREN,640,taxa,"""='01_CONFIG_GLOBAL'!$C$4""","""='01_CONFIG_GLOBAL'!$C$14""",ref. única CONFIG!C14
02_SOHIPREN,641,taxa,"""='01_CONFIG_GLOBAL'!$C$4""","""='01_CONFIG_GLOBAL'!$C$14""",ref. única CONFIG!C14
02_SOHIPREN,642,taxa,"""='01_CONFIG_GLOBAL'!$C$4""","""='01_CONFIG_GLOBAL'!$C$14""",ref. única CONFIG!C14
02_SOHIPREN,643,taxa,"""='01_CONFIG_GLOBAL'!$C$4""","""='01_CONFIG_GLOBAL'!$C$14""",ref. única CONFIG!C14
02_SOHIPREN,644,taxa,"""='01_CONFIG_GLOBAL'!$C$4""","""='01_CONFIG_GLOBAL'!$C$14""",ref. única CONFIG!C14
02_SOHIPREN,645,taxa,"""='01_CONFIG_GLOBAL'!$C$4""","""='01_CONFIG_GLOBAL'!$C$14""",ref. única CONFIG!C14
02_SOHIPREN,646,taxa,"""='01_CONFIG_GLOBAL'!$C$4""","""='01_CONFIG_GLOBAL'!$C$14""",ref. única CONFIG!C14
02_SOHIPREN,647,taxa,"""='01_CONFIG_GLOBAL'!$C$4""","""='01_CONFIG_GLOBAL'!$C$14""",ref. única CONFIG!C14
02_SOHIPREN,648,taxa,"""='01_CONFIG_GLOBAL'!$C$4""","""='01_CONFIG_GLOBAL'!$C$14""",ref. única CONFIG!C14
02_SOHIPREN,649,taxa,"""='01_CONFIG_GLOBAL'!$C$4""","""='01_CONFIG_GLOBAL'!$C$14""",ref. única CONFIG!C14
02_SOHIPREN,650,taxa,"""='01_CONFIG_GLOBAL'!$C$4""","""='01_CONFIG_GLOBAL'!$C$14""",ref. única CONFIG!C14
02_SOHIPREN,651,taxa,"""='01_CONFIG_GLOBAL'!$C$4""","""='01_CONFIG_GLOBAL'!$C$14""",ref. única CONFIG!C14
02_SOHIPREN,652,taxa,"""='01_CONFIG_GLOBAL'!$C$4""","""='01_CONFIG_GLOBAL'!$C$14""",ref. única CONFIG!C14
02_SOHIPREN,653,taxa,"""='01_CONFIG_GLOBAL'!$C$4""","""='01_CONFIG_GLOBAL'!$C$14""",ref. única CONFIG!C14
02_SOHIPREN,654,taxa,"""='01_CONFIG_GLOBAL'!$C$4""","""='01_CONFIG_GLOBAL'!$C$14""",ref. única CONFIG!C14
02_SOHIPREN,655,taxa,"""='01_CONFIG_GLOBAL'!$C$4""","""='01_CONFIG_GLOBAL'!$C$14""",ref. única CONFIG!C14
02_SOHIPREN,656,taxa,"""='01_CONFIG_GLOBAL'!$C$4""","""='01_CONFIG_GLOBAL'!$C$14""",ref. única CONFIG!C14
02_SOHIPREN,657,taxa,"""='01_CONFIG_GLOBAL'!$C$4""","""='01_CONFIG_GLOBAL'!$C$14""",ref. única CONFIG!C14
02_SOHIPREN,658,taxa,"""='01_CONFIG_GLOBAL'!$C$4""","""='01_CONFIG_GLOBAL'!$C$14""",ref. única CONFIG!C14
02_SOHIPREN,659,taxa,"""='01_CONFIG_GLOBAL'!$C$4""","""='01_CONFIG_GLOBAL'!$C$14""",ref. única CONFIG!C14
02_SOHIPREN,660,taxa,"""='01_CONFIG_GLOBAL'!$C$4""","""='01_CONFIG_GLOBAL'!$C$14""",ref. única CONFIG!C14
02_SOHIPREN,661,taxa,"""='01_CONFIG_GLOBAL'!$C$4""","""='01_CONFIG_GLOBAL'!$C$14""",ref. única CONFIG!C14
02_SOHIPREN,662,taxa,"""='01_CONFIG_GLOBAL'!$C$4""","""='01_CONFIG_GLOBAL'!$C$14""",ref. única CONFIG!C14
02_SOHIPREN,663,taxa,"""='01_CONFIG_GLOBAL'!$C$4""","""='01_CONFIG_GLOBAL'!$C$14""",ref. única CONFIG!C14
02_SOHIPREN,664,taxa,"""='01_CONFIG_GLOBAL'!$C$4""","""='01_CONFIG_GLOBAL'!$C$14""",ref. única CONFIG!C14
02_SOHIPREN,665,taxa,"""='01_CONFIG_GLOBAL'!$C$4""","""='01_CONFIG_GLOBAL'!$C$14""",ref. única CONFIG!C14
02_SOHIPREN,666,taxa,"""='01_CONFIG_GLOBAL'!$C$4""","""='01_CONFIG_GLOBAL'!$C$14""",ref. única CONFIG!C14
02_SOHIPREN,667,taxa,"""='01_CONFIG_GLOBAL'!$C$4""","""='01_CONFIG_GLOBAL'!$C$14""",ref. única CONFIG!C14
02_SOHIPREN,668,taxa,"""='01_CONFIG_GLOBAL'!$C$4""","""='01_CONFIG_GLOBAL'!$C$14""",ref. única CONFIG!C14
02_SOHIPREN,669,taxa,"""='01_CONFIG_GLOBAL'!$C$4""","""='01_CONFIG_GLOBAL'!$C$14""",ref. única CONFIG!C14
02_SOHIPREN,670,taxa,"""='01_CONFIG_GLOBAL'!$C$4""","""='01_CONFIG_GLOBAL'!$C$14""",ref. única CONFIG!C14
02_SOHIPREN,671,taxa,"""='01_CONFIG_GLOBAL'!$C$4""","""='01_CONFIG_GLOBAL'!$C$14""",ref. única CONFIG!C14
02_SOHIPREN,672,taxa,"""='01_CONFIG_GLOBAL'!$C$4""","""='01_CONFIG_GLOBAL'!$C$14""",ref. única CONFIG!C14
02_SOHIPREN,673,taxa,"""='01_CONFIG_GLOBAL'!$C$4""","""='01_CONFIG_GLOBAL'!$C$14""",ref. única CONFIG!C14
02_SOHIPREN,674,taxa,"""='01_CONFIG_GLOBAL'!$C$4""","""='01_CONFIG_GLOBAL'!$C$14""",ref. única CONFIG!C14
02_SOHIPREN,675,taxa,"""='01_CONFIG_GLOBAL'!$C$4""","""='01_CONFIG_GLOBAL'!$C$14""",ref. única CONFIG!C14
02_SOHIPREN,676,taxa,"""='01_CONFIG_GLOBAL'!$C$4""","""='01_CONFIG_GLOBAL'!$C$14""",ref. única CONFIG!C14
02_SOHIPREN,677,taxa,"""='01_CONFIG_GLOBAL'!$C$4""","""='01_CONFIG_GLOBAL'!$C$14""",ref. única CONFIG!C14
02_SOHIPREN,678,taxa,"""='01_CONFIG_GLOBAL'!$C$4""","""='01_CONFIG_GLOBAL'!$C$14""",ref. única CONFIG!C14
02_SOHIPREN,679,taxa,"""='01_CONFIG_GLOBAL'!$C$4""","""='01_CONFIG_GLOBAL'!$C$14""",ref. única CONFIG!C14
02_SOHIPREN,680,taxa,"""='01_CONFIG_GLOBAL'!$C$4""","""='01_CONFIG_GLOBAL'!$C$14""",ref. única CONFIG!C14
02_SOHIPREN,681,taxa,"""='01_CONFIG_GLOBAL'!$C$4""","""='01_CONFIG_GLOBAL'!$C$14""",ref. única CONFIG!C14
02_SOHIPREN,682,taxa,"""='01_CONFIG_GLOBAL'!$C$4""","""='01_CONFIG_GLOBAL'!$C$14""",ref. única CONFIG!C14
02_SOHIPREN,683,taxa,"""='01_CONFIG_GLOBAL'!$C$4""","""='01_CONFIG_GLOBAL'!$C$14""",ref. única CONFIG!C14
02_SOHIPREN,684,taxa,"""='01_CONFIG_GLOBAL'!$C$4""","""='01_CONFIG_GLOBAL'!$C$14""",ref. única CONFIG!C14
02_SOHIPREN,685,taxa,"""='01_CONFIG_GLOBAL'!$C$4""","""='01_CONFIG_GLOBAL'!$C$14""",ref. única CONFIG!C14
02_SOHIPREN,686,taxa,"""='01_CONFIG_GLOBAL'!$C$4""","""='01_CONFIG_GLOBAL'!$C$14""",ref. única CONFIG!C14
02_SOHIPREN,687,taxa,"""='01_CONFIG_GLOBAL'!$C$4""","""='01_CONFIG_GLOBAL'!$C$14""",ref. única CONFIG!C14
02_SOHIPREN,688,taxa,"""='01_CONFIG_GLOBAL'!$C$4""","""='01_CONFIG_GLOBAL'!$C$14""",ref. única CONFIG!C14
02_SOHIPREN,689,taxa,"""='01_CONFIG_GLOBAL'!$C$4""","""='01_CONFIG_GLOBAL'!$C$14""",ref. única CONFIG!C14
02_SOHIPREN,690,taxa,"""='01_CONFIG_GLOBAL'!$C$4""","""='01_CONFIG_GLOBAL'!$C$14""",ref. única CONFIG!C14
02_SOHIPREN,691,taxa,"""='01_CONFIG_GLOBAL'!$C$4""","""='01_CONFIG_GLOBAL'!$C$14""",ref. única CONFIG!C14
02_SOHIPREN,692,taxa,"""='01_CONFIG_GLOBAL'!$C$4""","""='01_CONFIG_GLOBAL'!$C$14""",ref. única CONFIG!C14
02_SOHIPREN,693,taxa,"""='01_CONFIG_GLOBAL'!$C$4""","""='01_CONFIG_GLOBAL'!$C$14""",ref. única CONFIG!C14
02_SOHIPREN,694,taxa,"""='01_CONFIG_GLOBAL'!$C$4""","""='01_CONFIG_GLOBAL'!$C$14""",ref. única CONFIG!C14
02_SOHIPREN,695,taxa,"""='01_CONFIG_GLOBAL'!$C$4""","""='01_CONFIG_GLOBAL'!$C$14""",ref. única CONFIG!C14
02_SOHIPREN,696,taxa,"""='01_CONFIG_GLOBAL'!$C$4""","""='01_CONFIG_GLOBAL'!$C$14""",ref. única CONFIG!C14
02_SOHIPREN,697,taxa,"""='01_CONFIG_GLOBAL'!$C$4""","""='01_CONFIG_GLOBAL'!$C$14""",ref. única CONFIG!C14
02_SOHIPREN,698,taxa,"""='01_CONFIG_GLOBAL'!$C$4""","""='01_CONFIG_GLOBAL'!$C$14""",ref. única CONFIG!C14
02_SOHIPREN,699,taxa,"""='01_CONFIG_GLOBAL'!$C$4""","""='01_CONFIG_GLOBAL'!$C$14""",ref. única CONFIG!C14
02_SOHIPREN,700,taxa,"""='01_CONFIG_GLOBAL'!$C$4""","""='01_CONFIG_GLOBAL'!$C$14""",ref. única CONFIG!C14
02_SOHIPREN,701,taxa,"""='01_CONFIG_GLOBAL'!$C$4""","""='01_CONFIG_GLOBAL'!$C$14""",ref. única CONFIG!C14
02_SOHIPREN,702,taxa,"""='01_CONFIG_GLOBAL'!$C$4""","""='01_CONFIG_GLOBAL'!$C$14""",ref. única CONFIG!C14
02_SOHIPREN,703,taxa,"""='01_CONFIG_GLOBAL'!$C$4""","""='01_CONFIG_GLOBAL'!$C$14""",ref. única CONFIG!C14
02_SOHIPREN,704,taxa,"""='01_CONFIG_GLOBAL'!$C$4""","""='01_CONFIG_GLOBAL'!$C$14""",ref. única CONFIG!C14
02_SOHIPREN,705,taxa,"""='01_CONFIG_GLOBAL'!$C$4""","""='01_CONFIG_GLOBAL'!$C$14""",ref. única CONFIG!C14
02_SOHIPREN,706,taxa,"""='01_CONFIG_GLOBAL'!$C$4""","""='01_CONFIG_GLOBAL'!$C$14""",ref. única CONFIG!C14
02_SOHIPREN,707,taxa,"""='01_CONFIG_GLOBAL'!$C$4""","""='01_CONFIG_GLOBAL'!$C$14""",ref. única CONFIG!C14
02_SOHIPREN,708,taxa,"""='01_CONFIG_GLOBAL'!$C$4""","""='01_CONFIG_GLOBAL'!$C$14""",ref. única CONFIG!C14
02_SOHIPREN,709,taxa,"""='01_CONFIG_GLOBAL'!$C$4""","""='01_CONFIG_GLOBAL'!$C$14""",ref. única CONFIG!C14
02_SOHIPREN,710,taxa,"""='01_CONFIG_GLOBAL'!$C$4""","""='01_CONFIG_GLOBAL'!$C$14""",ref. única CONFIG!C14
02_SOHIPREN,711,taxa,"""='01_CONFIG_GLOBAL'!$C$4""","""='01_CONFIG_GLOBAL'!$C$14""",ref. única CONFIG!C14
02_SOHIPREN,712,taxa,"""='01_CONFIG_GLOBAL'!$C$4""","""='01_CONFIG_GLOBAL'!$C$14""",ref. única CONFIG!C14
02_SOHIPREN,713,taxa,"""='01_CONFIG_GLOBAL'!$C$4""","""='01_CONFIG_GLOBAL'!$C$14""",ref. única CONFIG!C14
02_SOHIPREN,714,taxa,"""='01_CONFIG_GLOBAL'!$C$4""","""='01_CONFIG_GLOBAL'!$C$14""",ref. única CONFIG!C14
02_SOHIPREN,715,taxa,"""='01_CONFIG_GLOBAL'!$C$4""","""='01_CONFIG_GLOBAL'!$C$14""",ref. única CONFIG!C14
02_SOHIPREN,716,taxa,"""='01_CONFIG_GLOBAL'!$C$4""","""='01_CONFIG_GLOBAL'!$C$14""",ref. única CONFIG!C14
02_SOHIPREN,717,taxa,"""='01_CONFIG_GLOBAL'!$C$4""","""='01_CONFIG_GLOBAL'!$C$14""",ref. única CONFIG!C14
02_SOHIPREN,718,taxa,"""='01_CONFIG_GLOBAL'!$C$4""","""='01_CONFIG_GLOBAL'!$C$14""",ref. única CONFIG!C14
02_SOHIPREN,719,taxa,"""='01_CONFIG_GLOBAL'!$C$4""","""='01_CONFIG_GLOBAL'!$C$14""",ref. única CONFIG!C14
02_SOHIPREN,720,taxa,"""='01_CONFIG_GLOBAL'!$C$4""","""='01_CONFIG_GLOBAL'!$C$14""",ref. única CONFIG!C14
02_SOHIPREN,721,taxa,"""='01_CONFIG_GLOBAL'!$C$4""","""='01_CONFIG_GLOBAL'!$C$14""",ref. única CONFIG!C14
02_SOHIPREN,722,taxa,"""='01_CONFIG_GLOBAL'!$C$4""","""='01_CONFIG_GLOBAL'!$C$14""",ref. única CONFIG!C14
02_SOHIPREN,723,taxa,"""='01_CONFIG_GLOBAL'!$C$4""","""='01_CONFIG_GLOBAL'!$C$14""",ref. única CONFIG!C14
02_SOHIPREN,724,taxa,"""='01_CONFIG_GLOBAL'!$C$4""","""='01_CONFIG_GLOBAL'!$C$14""",ref. única CONFIG!C14
02_SOHIPREN,725,taxa,"""='01_CONFIG_GLOBAL'!$C$4""","""='01_CONFIG_GLOBAL'!$C$14""",ref. única CONFIG!C14
02_SOHIPREN,726,taxa,"""='01_CONFIG_GLOBAL'!$C$4""","""='01_CONFIG_GLOBAL'!$C$14""",ref. única CONFIG!C14
02_SOHIPREN,727,taxa,"""='01_CONFIG_GLOBAL'!$C$4""","""='01_CONFIG_GLOBAL'!$C$14""",ref. única CONFIG!C14
02_SOHIPREN,728,taxa,"""='01_CONFIG_GLOBAL'!$C$4""","""='01_CONFIG_GLOBAL'!$C$14""",ref. única CONFIG!C14
02_SOHIPREN,729,taxa,"""='01_CONFIG_GLOBAL'!$C$4""","""='01_CONFIG_GLOBAL'!$C$14""",ref. única CONFIG!C14
02_SOHIPREN,730,taxa,"""='01_CONFIG_GLOBAL'!$C$4""","""='01_CONFIG_GLOBAL'!$C$14""",ref. única CONFIG!C14
02_SOHIPREN,731,taxa,"""='01_CONFIG_GLOBAL'!$C$4""","""='01_CONFIG_GLOBAL'!$C$14""",ref. única CONFIG!C14
02_SOHIPREN,732,taxa,"""='01_CONFIG_GLOBAL'!$C$4""","""='01_CONFIG_GLOBAL'!$C$14""",ref. única CONFIG!C14
02_SOHIPREN,733,taxa,"""='01_CONFIG_GLOBAL'!$C$4""","""='01_CONFIG_GLOBAL'!$C$14""",ref. única CONFIG!C14
02_SOHIPREN,734,taxa,"""='01_CONFIG_GLOBAL'!$C$4""","""='01_CONFIG_GLOBAL'!$C$14""",ref. única CONFIG!C14
02_SOHIPREN,735,taxa,"""='01_CONFIG_GLOBAL'!$C$4""","""='01_CONFIG_GLOBAL'!$C$14""",ref. única CONFIG!C14
02_SOHIPREN,736,taxa,"""='01_CONFIG_GLOBAL'!$C$4""","""='01_CONFIG_GLOBAL'!$C$14""",ref. única CONFIG!C14
02_SOHIPREN,737,taxa,"""='01_CONFIG_GLOBAL'!$C$4""","""='01_CONFIG_GLOBAL'!$C$14""",ref. única CONFIG!C14
02_SOHIPREN,738,taxa,"""='01_CONFIG_GLOBAL'!$C$4""","""='01_CONFIG_GLOBAL'!$C$14""",ref. única CONFIG!C14
02_SOHIPREN,739,taxa,"""='01_CONFIG_GLOBAL'!$C$4""","""='01_CONFIG_GLOBAL'!$C$14""",ref. única CONFIG!C14
02_SOHIPREN,740,taxa,"""='01_CONFIG_GLOBAL'!$C$4""","""='01_CONFIG_GLOBAL'!$C$14""",ref. única CONFIG!C14
02_SOHIPREN,741,taxa,"""='01_CONFIG_GLOBAL'!$C$4""","""='01_CONFIG_GLOBAL'!$C$14""",ref. única CONFIG!C14
02_SOHIPREN,742,taxa,"""='01_CONFIG_GLOBAL'!$C$4""","""='01_CONFIG_GLOBAL'!$C$14""",ref. única CONFIG!C14
02_SOHIPREN,743,taxa,"""='01_CONFIG_GLOBAL'!$C$4""","""='01_CONFIG_GLOBAL'!$C$14""",ref. única CONFIG!C14
02_SOHIPREN,744,taxa,"""='01_CONFIG_GLOBAL'!$C$4""","""='01_CONFIG_GLOBAL'!$C$14""",ref. única CONFIG!C14
02_SOHIPREN,745,taxa,"""='01_CONFIG_GLOBAL'!$C$4""","""='01_CONFIG_GLOBAL'!$C$14""",ref. única CONFIG!C14
02_SOHIPREN,746,taxa,"""='01_CONFIG_GLOBAL'!$C$4""","""='01_CONFIG_GLOBAL'!$C$14""",ref. única CONFIG!C14
02_SOHIPREN,747,taxa,"""='01_CONFIG_GLOBAL'!$C$4""","""='01_CONFIG_GLOBAL'!$C$14""",ref. única CONFIG!C14
02_SOHIPREN,748,taxa,"""='01_CONFIG_GLOBAL'!$C$4""","""='01_CONFIG_GLOBAL'!$C$14""",ref. única CONFIG!C14
02_SOHIPREN,749,taxa,"""='01_CONFIG_GLOBAL'!$C$4""","""='01_CONFIG_GLOBAL'!$C$14""",ref. única CONFIG!C14
02_SOHIPREN,750,taxa,"""='01_CONFIG_GLOBAL'!$C$4""","""='01_CONFIG_GLOBAL'!$C$14""",ref. única CONFIG!C14
02_SOHIPREN,751,taxa,"""='01_CONFIG_GLOBAL'!$C$4""","""='01_CONFIG_GLOBAL'!$C$14""",ref. única CONFIG!C14
02_SOHIPREN,752,taxa,"""='01_CONFIG_GLOBAL'!$C$4""","""='01_CONFIG_GLOBAL'!$C$14""",ref. única CONFIG!C14
02_SOHIPREN,753,taxa,"""='01_CONFIG_GLOBAL'!$C$4""","""='01_CONFIG_GLOBAL'!$C$14""",ref. única CONFIG!C14
02_SOHIPREN,754,taxa,"""='01_CONFIG_GLOBAL'!$C$4""","""='01_CONFIG_GLOBAL'!$C$14""",ref. única CONFIG!C14
02_SOHIPREN,755,taxa,"""='01_CONFIG_GLOBAL'!$C$4""","""='01_CONFIG_GLOBAL'!$C$14""",ref. única CONFIG!C14
02_SOHIPREN,756,taxa,"""='01_CONFIG_GLOBAL'!$C$4""","""='01_CONFIG_GLOBAL'!$C$14""",ref. única CONFIG!C14
02_SOHIPREN,757,taxa,"""='01_CONFIG_GLOBAL'!$C$4""","""='01_CONFIG_GLOBAL'!$C$14""",ref. única CONFIG!C14
02_SOHIPREN,758,taxa,"""='01_CONFIG_GLOBAL'!$C$4""","""='01_CONFIG_GLOBAL'!$C$14""",ref. única CONFIG!C14
02_SOHIPREN,759,taxa,"""='01_CONFIG_GLOBAL'!$C$4""","""='01_CONFIG_GLOBAL'!$C$14""",ref. única CONFIG!C14
02_SOHIPREN,760,taxa,"""='01_CONFIG_GLOBAL'!$C$4""","""='01_CONFIG_GLOBAL'!$C$14""",ref. única CONFIG!C14
02_SOHIPREN,761,taxa,"""='01_CONFIG_GLOBAL'!$C$4""","""='01_CONFIG_GLOBAL'!$C$14""",ref. única CONFIG!C14
02_SOHIPREN,762,taxa,"""='01_CONFIG_GLOBAL'!$C$4""","""='01_CONFIG_GLOBAL'!$C$14""",ref. única CONFIG!C14
02_SOHIPREN,763,taxa,"""='01_CONFIG_GLOBAL'!$C$4""","""='01_CONFIG_GLOBAL'!$C$14""",ref. única CONFIG!C14
02_SOHIPREN,764,taxa,"""='01_CONFIG_GLOBAL'!$C$4""","""='01_CONFIG_GLOBAL'!$C$14""",ref. única CONFIG!C14
02_SOHIPREN,765,taxa,"""='01_CONFIG_GLOBAL'!$C$4""","""='01_CONFIG_GLOBAL'!$C$14""",ref. única CONFIG!C14
02_SOHIPREN,766,taxa,"""='01_CONFIG_GLOBAL'!$C$4""","""='01_CONFIG_GLOBAL'!$C$14""",ref. única CONFIG!C14
02_SOHIPREN,767,taxa,"""='01_CONFIG_GLOBAL'!$C$4""","""='01_CONFIG_GLOBAL'!$C$14""",ref. única CONFIG!C14
02_SOHIPREN,768,taxa,"""='01_CONFIG_GLOBAL'!$C$4""","""='01_CONFIG_GLOBAL'!$C$14""",ref. única CONFIG!C14
02_SOHIPREN,769,taxa,"""='01_CONFIG_GLOBAL'!$C$4""","""='01_CONFIG_GLOBAL'!$C$14""",ref. única CONFIG!C14
02_SOHIPREN,770,taxa,"""='01_CONFIG_GLOBAL'!$C$4""","""='01_CONFIG_GLOBAL'!$C$14""",ref. única CONFIG!C14
02_SOHIPREN,771,taxa,"""='01_CONFIG_GLOBAL'!$C$4""","""='01_CONFIG_GLOBAL'!$C$14""",ref. única CONFIG!C14
02_SOHIPREN,772,taxa,"""='01_CONFIG_GLOBAL'!$C$4""","""='01_CONFIG_GLOBAL'!$C$14""",ref. única CONFIG!C14
02_SOHIPREN,773,taxa,"""='01_CONFIG_GLOBAL'!$C$4""","""='01_CONFIG_GLOBAL'!$C$14""",ref. única CONFIG!C14
02_SOHIPREN,774,taxa,"""='01_CONFIG_GLOBAL'!$C$4""","""='01_CONFIG_GLOBAL'!$C$14""",ref. única CONFIG!C14
02_SOHIPREN,775,taxa,"""='01_CONFIG_GLOBAL'!$C$4""","""='01_CONFIG_GLOBAL'!$C$14""",ref. única CONFIG!C14
02_SOHIPREN,776,taxa,"""='01_CONFIG_GLOBAL'!$C$4""","""='01_CONFIG_GLOBAL'!$C$14""",ref. única CONFIG!C14
02_SOHIPREN,777,taxa,"""='01_CONFIG_GLOBAL'!$C$4""","""='01_CONFIG_GLOBAL'!$C$14""",ref. única CONFIG!C14
02_SOHIPREN,778,taxa,"""='01_CONFIG_GLOBAL'!$C$4""","""='01_CONFIG_GLOBAL'!$C$14""",ref. única CONFIG!C14
02_SOHIPREN,779,taxa,"""='01_CONFIG_GLOBAL'!$C$4""","""='01_CONFIG_GLOBAL'!$C$14""",ref. única CONFIG!C14
02_SOHIPREN,780,taxa,"""='01_CONFIG_GLOBAL'!$C$4""","""='01_CONFIG_GLOBAL'!$C$14""",ref. única CONFIG!C14
02_SOHIPREN,781,taxa,"""='01_CONFIG_GLOBAL'!$C$4""","""='01_CONFIG_GLOBAL'!$C$14""",ref. única CONFIG!C14
02_SOHIPREN,782,taxa,"""='01_CONFIG_GLOBAL'!$C$4""","""='01_CONFIG_GLOBAL'!$C$14""",ref. única CONFIG!C14
02_SOHIPREN,783,taxa,"""='01_CONFIG_GLOBAL'!$C$4""","""='01_CONFIG_GLOBAL'!$C$14""",ref. única CONFIG!C14
02_SOHIPREN,784,taxa,"""='01_CONFIG_GLOBAL'!$C$4""","""='01_CONFIG_GLOBAL'!$C$14""",ref. única CONFIG!C14
02_SOHIPREN,785,taxa,"""='01_CONFIG_GLOBAL'!$C$4""","""='01_CONFIG_GLOBAL'!$C$14""",ref. única CONFIG!C14
02_SOHIPREN,786,taxa,"""='01_CONFIG_GLOBAL'!$C$4""","""='01_CONFIG_GLOBAL'!$C$14""",ref. única CONFIG!C14
02_SOHIPREN,787,taxa,"""='01_CONFIG_GLOBAL'!$C$4""","""='01_CONFIG_GLOBAL'!$C$14""",ref. única CONFIG!C14
02_SOHIPREN,788,taxa,"""='01_CONFIG_GLOBAL'!$C$4""","""='01_CONFIG_GLOBAL'!$C$14""",ref. única CONFIG!C14
02_SOHIPREN,789,taxa,"""='01_CONFIG_GLOBAL'!$C$4""","""='01_CONFIG_GLOBAL'!$C$14""",ref. única CONFIG!C14
02_SOHIPREN,790,taxa,"""='01_CONFIG_GLOBAL'!$C$4""","""='01_CONFIG_GLOBAL'!$C$14""",ref. única CONFIG!C14
02_SOHIPREN,791,taxa,"""='01_CONFIG_GLOBAL'!$C$4""","""='01_CONFIG_GLOBAL'!$C$14""",ref. única CONFIG!C14
02_SOHIPREN,792,taxa,"""='01_CONFIG_GLOBAL'!$C$4""","""='01_CONFIG_GLOBAL'!$C$14""",ref. única CONFIG!C14
02_SOHIPREN,793,taxa,"""='01_CONFIG_GLOBAL'!$C$4""","""='01_CONFIG_GLOBAL'!$C$14""",ref. única CONFIG!C14
02_SOHIPREN,794,taxa,"""='01_CONFIG_GLOBAL'!$C$4""","""='01_CONFIG_GLOBAL'!$C$14""",ref. única CONFIG!C14
02_SOHIPREN,795,taxa,"""='01_CONFIG_GLOBAL'!$C$4""","""='01_CONFIG_GLOBAL'!$C$14""",ref. única CONFIG!C14
02_SOHIPREN,796,taxa,"""='01_CONFIG_GLOBAL'!$C$4""","""='01_CONFIG_GLOBAL'!$C$14""",ref. única CONFIG!C14
02_SOHIPREN,797,taxa,"""='01_CONFIG_GLOBAL'!$C$4""","""='01_CONFIG_GLOBAL'!$C$14""",ref. única CONFIG!C14
02_SOHIPREN,798,taxa,"""='01_CONFIG_GLOBAL'!$C$4""","""='01_CONFIG_GLOBAL'!$C$14""",ref. única CONFIG!C14
02_SOHIPREN,799,taxa,"""='01_CONFIG_GLOBAL'!$C$4""","""='01_CONFIG_GLOBAL'!$C$14""",ref. única CONFIG!C14
02_SOHIPREN,800,taxa,"""='01_CONFIG_GLOBAL'!$C$4""","""='01_CONFIG_GLOBAL'!$C$14""",ref. única CONFIG!C14
02_SOHIPREN,801,taxa,"""='01_CONFIG_GLOBAL'!$C$4""","""='01_CONFIG_GLOBAL'!$C$14""",ref. única CONFIG!C14
02_SOHIPREN,802,taxa,"""='01_CONFIG_GLOBAL'!$C$4""","""='01_CONFIG_GLOBAL'!$C$14""",ref. única CONFIG!C14
02_SOHIPREN,803,taxa,"""='01_CONFIG_GLOBAL'!$C$4""","""='01_CONFIG_GLOBAL'!$C$14""",ref. única CONFIG!C14
02_SOHIPREN,804,taxa,"""='01_CONFIG_GLOBAL'!$C$4""","""='01_CONFIG_GLOBAL'!$C$14""",ref. única CONFIG!C14
02_SOHIPREN,805,taxa,"""='01_CONFIG_GLOBAL'!$C$4""","""='01_CONFIG_GLOBAL'!$C$14""",ref. única CONFIG!C14
02_SOHIPREN,806,taxa,"""='01_CONFIG_GLOBAL'!$C$4""","""='01_CONFIG_GLOBAL'!$C$14""",ref. única CONFIG!C14
02_SOHIPREN,807,taxa,"""='01_CONFIG_GLOBAL'!$C$4""","""='01_CONFIG_GLOBAL'!$C$14""",ref. única CONFIG!C14
02_SOHIPREN,808,taxa,"""='01_CONFIG_GLOBAL'!$C$4""","""='01_CONFIG_GLOBAL'!$C$14""",ref. única CONFIG!C14
02_SOHIPREN,809,taxa,"""='01_CONFIG_GLOBAL'!$C$4""","""='01_CONFIG_GLOBAL'!$C$14""",ref. única CONFIG!C14
02_SOHIPREN,810,taxa,"""='01_CONFIG_GLOBAL'!$C$4""","""='01_CONFIG_GLOBAL'!$C$14""",ref. única CONFIG!C14
02_SOHIPREN,811,taxa,"""='01_CONFIG_GLOBAL'!$C$4""","""='01_CONFIG_GLOBAL'!$C$14""",ref. única CONFIG!C14
02_SOHIPREN,812,taxa,"""='01_CONFIG_GLOBAL'!$C$4""","""='01_CONFIG_GLOBAL'!$C$14""",ref. única CONFIG!C14
02_SOHIPREN,813,taxa,"""='01_CONFIG_GLOBAL'!$C$4""","""='01_CONFIG_GLOBAL'!$C$14""",ref. única CONFIG!C14
02_SOHIPREN,814,taxa,"""='01_CONFIG_GLOBAL'!$C$4""","""='01_CONFIG_GLOBAL'!$C$14""",ref. única CONFIG!C14
02_SOHIPREN,815,taxa,"""='01_CONFIG_GLOBAL'!$C$4""","""='01_CONFIG_GLOBAL'!$C$14""",ref. única CONFIG!C14
02_SOHIPREN,816,taxa,"""='01_CONFIG_GLOBAL'!$C$4""","""='01_CONFIG_GLOBAL'!$C$14""",ref. única CONFIG!C14
02_SOHIPREN,817,taxa,"""='01_CONFIG_GLOBAL'!$C$4""","""='01_CONFIG_GLOBAL'!$C$14""",ref. única CONFIG!C14
02_SOHIPREN,818,taxa,"""='01_CONFIG_GLOBAL'!$C$4""","""='01_CONFIG_GLOBAL'!$C$14""",ref. única CONFIG!C14
02_SOHIPREN,819,taxa,"""='01_CONFIG_GLOBAL'!$C$4""","""='01_CONFIG_GLOBAL'!$C$14""",ref. única CONFIG!C14
02_SOHIPREN,820,taxa,"""='01_CONFIG_GLOBAL'!$C$4""","""='01_CONFIG_GLOBAL'!$C$14""",ref. única CONFIG!C14
02_SOHIPREN,821,taxa,"""='01_CONFIG_GLOBAL'!$C$4""","""='01_CONFIG_GLOBAL'!$C$14""",ref. única CONFIG!C14
02_SOHIPREN,822,taxa,"""='01_CONFIG_GLOBAL'!$C$4""","""='01_CONFIG_GLOBAL'!$C$14""",ref. única CONFIG!C14
02_SOHIPREN,823,taxa,"""='01_CONFIG_GLOBAL'!$C$4""","""='01_CONFIG_GLOBAL'!$C$14""",ref. única CONFIG!C14
02_SOHIPREN,824,taxa,"""='01_CONFIG_GLOBAL'!$C$4""","""='01_CONFIG_GLOBAL'!$C$14""",ref. única CONFIG!C14
02_SOHIPREN,825,taxa,"""='01_CONFIG_GLOBAL'!$C$4""","""='01_CONFIG_GLOBAL'!$C$14""",ref. única CONFIG!C14
02_SOHIPREN,826,taxa,"""='01_CONFIG_GLOBAL'!$C$4""","""='01_CONFIG_GLOBAL'!$C$14""",ref. única CONFIG!C14
02_SOHIPREN,827,taxa,"""='01_CONFIG_GLOBAL'!$C$4""","""='01_CONFIG_GLOBAL'!$C$14""",ref. única CONFIG!C14
02_SOHIPREN,828,taxa,"""='01_CONFIG_GLOBAL'!$C$4""","""='01_CONFIG_GLOBAL'!$C$14""",ref. única CONFIG!C14
02_SOHIPREN,829,taxa,"""='01_CONFIG_GLOBAL'!$C$4""","""='01_CONFIG_GLOBAL'!$C$14""",ref. única CONFIG!C14
02_SOHIPREN,830,taxa,"""='01_CONFIG_GLOBAL'!$C$4""","""='01_CONFIG_GLOBAL'!$C$14""",ref. única CONFIG!C14
02_SOHIPREN,831,taxa,"""='01_CONFIG_GLOBAL'!$C$4""","""='01_CONFIG_GLOBAL'!$C$14""",ref. única CONFIG!C14
02_SOHIPREN,832,taxa,"""='01_CONFIG_GLOBAL'!$C$4""","""='01_CONFIG_GLOBAL'!$C$14""",ref. única CONFIG!C14
02_SOHIPREN,833,taxa,"""='01_CONFIG_GLOBAL'!$C$4""","""='01_CONFIG_GLOBAL'!$C$14""",ref. única CONFIG!C14
02_SOHIPREN,834,taxa,"""='01_CONFIG_GLOBAL'!$C$4""","""='01_CONFIG_GLOBAL'!$C$14""",ref. única CONFIG!C14
02_SOHIPREN,835,taxa,"""='01_CONFIG_GLOBAL'!$C$4""","""='01_CONFIG_GLOBAL'!$C$14""",ref. única CONFIG!C14
02_SOHIPREN,836,taxa,"""='01_CONFIG_GLOBAL'!$C$4""","""='01_CONFIG_GLOBAL'!$C$14""",ref. única CONFIG!C14
02_SOHIPREN,837,taxa,"""='01_CONFIG_GLOBAL'!$C$4""","""='01_CONFIG_GLOBAL'!$C$14""",ref. única CONFIG!C14
02_SOHIPREN,838,taxa,"""='01_CONFIG_GLOBAL'!$C$4""","""='01_CONFIG_GLOBAL'!$C$14""",ref. única CONFIG!C14
02_SOHIPREN,839,taxa,"""='01_CONFIG_GLOBAL'!$C$4""","""='01_CONFIG_GLOBAL'!$C$14""",ref. única CONFIG!C14
02_SOHIPREN,840,taxa,"""='01_CONFIG_GLOBAL'!$C$4""","""='01_CONFIG_GLOBAL'!$C$14""",ref. única CONFIG!C14
02_SOHIPREN,841,taxa,"""='01_CONFIG_GLOBAL'!$C$4""","""='01_CONFIG_GLOBAL'!$C$14""",ref. única CONFIG!C14
02_SOHIPREN,842,taxa,"""='01_CONFIG_GLOBAL'!$C$4""","""='01_CONFIG_GLOBAL'!$C$14""",ref. única CONFIG!C14
02_SOHIPREN,843,taxa,"""='01_CONFIG_GLOBAL'!$C$4""","""='01_CONFIG_GLOBAL'!$C$14""",ref. única CONFIG!C14
02_SOHIPREN,844,taxa,"""='01_CONFIG_GLOBAL'!$C$4""","""='01_CONFIG_GLOBAL'!$C$14""",ref. única CONFIG!C14
02_SOHIPREN,845,taxa,"""='01_CONFIG_GLOBAL'!$C$4""","""='01_CONFIG_GLOBAL'!$C$14""",ref. única CONFIG!C14
02_SOHIPREN,846,taxa,"""='01_CONFIG_GLOBAL'!$C$4""","""='01_CONFIG_GLOBAL'!$C$14""",ref. única CONFIG!C14
02_SOHIPREN,847,taxa,"""='01_CONFIG_GLOBAL'!$C$4""","""='01_CONFIG_GLOBAL'!$C$14""",ref. única CONFIG!C14
02_SOHIPREN,848,taxa,"""='01_CONFIG_GLOBAL'!$C$4""","""='01_CONFIG_GLOBAL'!$C$14""",ref. única CONFIG!C14
02_SOHIPREN,849,taxa,"""='01_CONFIG_GLOBAL'!$C$4""","""='01_CONFIG_GLOBAL'!$C$14""",ref. única CONFIG!C14
02_SOHIPREN,850,taxa,"""='01_CONFIG_GLOBAL'!$C$4""","""='01_CONFIG_GLOBAL'!$C$14""",ref. única CONFIG!C14
02_SOHIPREN,851,taxa,"""='01_CONFIG_GLOBAL'!$C$4""","""='01_CONFIG_GLOBAL'!$C$14""",ref. única CONFIG!C14
02_SOHIPREN,852,taxa,"""='01_CONFIG_GLOBAL'!$C$4""","""='01_CONFIG_GLOBAL'!$C$14""",ref. única CONFIG!C14
02_SOHIPREN,853,taxa,"""='01_CONFIG_GLOBAL'!$C$4""","""='01_CONFIG_GLOBAL'!$C$14""",ref. única CONFIG!C14
02_SOHIPREN,854,taxa,"""='01_CONFIG_GLOBAL'!$C$4""","""='01_CONFIG_GLOBAL'!$C$14""",ref. única CONFIG!C14
02_SOHIPREN,855,taxa,"""='01_CONFIG_GLOBAL'!$C$4""","""='01_CONFIG_GLOBAL'!$C$14""",ref. única CONFIG!C14
02_SOHIPREN,856,taxa,"""='01_CONFIG_GLOBAL'!$C$4""","""='01_CONFIG_GLOBAL'!$C$14""",ref. única CONFIG!C14
02_SOHIPREN,857,taxa,"""='01_CONFIG_GLOBAL'!$C$4""","""='01_CONFIG_GLOBAL'!$C$14""",ref. única CONFIG!C14
02_SOHIPREN,858,taxa,"""='01_CONFIG_GLOBAL'!$C$4""","""='01_CONFIG_GLOBAL'!$C$14""",ref. única CONFIG!C14
02_SOHIPREN,859,taxa,"""='01_CONFIG_GLOBAL'!$C$4""","""='01_CONFIG_GLOBAL'!$C$14""",ref. única CONFIG!C14
02_SOHIPREN,860,taxa,"""='01_CONFIG_GLOBAL'!$C$4""","""='01_CONFIG_GLOBAL'!$C$14""",ref. única CONFIG!C14
02_SOHIPREN,861,taxa,"""='01_CONFIG_GLOBAL'!$C$4""","""='01_CONFIG_GLOBAL'!$C$14""",ref. única CONFIG!C14
02_SOHIPREN,862,taxa,"""='01_CONFIG_GLOBAL'!$C$4""","""='01_CONFIG_GLOBAL'!$C$14""",ref. única CONFIG!C14
02_SOHIPREN,863,taxa,"""='01_CONFIG_GLOBAL'!$C$4""","""='01_CONFIG_GLOBAL'!$C$14""",ref. única CONFIG!C14
02_SOHIPREN,864,taxa,"""='01_CONFIG_GLOBAL'!$C$4""","""='01_CONFIG_GLOBAL'!$C$14""",ref. única CONFIG!C14
02_SOHIPREN,865,taxa,"""='01_CONFIG_GLOBAL'!$C$4""","""='01_CONFIG_GLOBAL'!$C$14""",ref. única CONFIG!C14
02_SOHIPREN,866,taxa,"""='01_CONFIG_GLOBAL'!$C$4""","""='01_CONFIG_GLOBAL'!$C$14""",ref. única CONFIG!C14
02_SOHIPREN,867,taxa,"""='01_CONFIG_GLOBAL'!$C$4""","""='01_CONFIG_GLOBAL'!$C$14""",ref. única CONFIG!C14
02_SOHIPREN,868,taxa,"""='01_CONFIG_GLOBAL'!$C$4""","""='01_CONFIG_GLOBAL'!$C$14""",ref. única CONFIG!C14
02_SOHIPREN,869,taxa,"""='01_CONFIG_GLOBAL'!$C$4""","""='01_CONFIG_GLOBAL'!$C$14""",ref. única CONFIG!C14
02_SOHIPREN,870,taxa,"""='01_CONFIG_GLOBAL'!$C$4""","""='01_CONFIG_GLOBAL'!$C$14""",ref. única CONFIG!C14
02_SOHIPREN,871,taxa,"""='01_CONFIG_GLOBAL'!$C$4""","""='01_CONFIG_GLOBAL'!$C$14""",ref. única CONFIG!C14
02_SOHIPREN,872,taxa,"""='01_CONFIG_GLOBAL'!$C$4""","""='01_CONFIG_GLOBAL'!$C$14""",ref. única CONFIG!C14
02_SOHIPREN,873,taxa,"""='01_CONFIG_GLOBAL'!$C$4""","""='01_CONFIG_GLOBAL'!$C$14""",ref. única CONFIG!C14
02_SOHIPREN,874,taxa,"""='01_CONFIG_GLOBAL'!$C$4""","""='01_CONFIG_GLOBAL'!$C$14""",ref. única CONFIG!C14
02_SOHIPREN,875,taxa,"""='01_CONFIG_GLOBAL'!$C$4""","""='01_CONFIG_GLOBAL'!$C$14""",ref. única CONFIG!C14
02_SOHIPREN,876,taxa,"""='01_CONFIG_GLOBAL'!$C$4""","""='01_CONFIG_GLOBAL'!$C$14""",ref. única CONFIG!C14
02_SOHIPREN,877,taxa,"""='01_CONFIG_GLOBAL'!$C$4""","""='01_CONFIG_GLOBAL'!$C$14""",ref. única CONFIG!C14
02_SOHIPREN,878,taxa,"""='01_CONFIG_GLOBAL'!$C$4""","""='01_CONFIG_GLOBAL'!$C$14""",ref. única CONFIG!C14
02_SOHIPREN,879,taxa,"""='01_CONFIG_GLOBAL'!$C$4""","""='01_CONFIG_GLOBAL'!$C$14""",ref. única CONFIG!C14
02_SOHIPREN,880,taxa,"""='01_CONFIG_GLOBAL'!$C$4""","""='01_CONFIG_GLOBAL'!$C$14""",ref. única CONFIG!C14
02_SOHIPREN,881,taxa,"""='01_CONFIG_GLOBAL'!$C$4""","""='01_CONFIG_GLOBAL'!$C$14""",ref. única CONFIG!C14
02_SOHIPREN,882,taxa,"""='01_CONFIG_GLOBAL'!$C$4""","""='01_CONFIG_GLOBAL'!$C$14""",ref. única CONFIG!C14
02_SOHIPREN,883,taxa,"""='01_CONFIG_GLOBAL'!$C$4""","""='01_CONFIG_GLOBAL'!$C$14""",ref. única CONFIG!C14
02_SOHIPREN,884,taxa,"""='01_CONFIG_GLOBAL'!$C$4""","""='01_CONFIG_GLOBAL'!$C$14""",ref. única CONFIG!C14
02_SOHIPREN,885,taxa,"""='01_CONFIG_GLOBAL'!$C$4""","""='01_CONFIG_GLOBAL'!$C$14""",ref. única CONFIG!C14
02_SOHIPREN,886,taxa,"""='01_CONFIG_GLOBAL'!$C$4""","""='01_CONFIG_GLOBAL'!$C$14""",ref. única CONFIG!C14
02_SOHIPREN,887,taxa,"""='01_CONFIG_GLOBAL'!$C$4""","""='01_CONFIG_GLOBAL'!$C$14""",ref. única CONFIG!C14
02_SOHIPREN,888,taxa,"""='01_CONFIG_GLOBAL'!$C$4""","""='01_CONFIG_GLOBAL'!$C$14""",ref. única CONFIG!C14
02_SOHIPREN,889,taxa,"""='01_CONFIG_GLOBAL'!$C$4""","""='01_CONFIG_GLOBAL'!$C$14""",ref. única CONFIG!C14
02_SOHIPREN,890,taxa,"""='01_CONFIG_GLOBAL'!$C$4""","""='01_CONFIG_GLOBAL'!$C$14""",ref. única CONFIG!C14
02_SOHIPREN,891,taxa,"""='01_CONFIG_GLOBAL'!$C$4""","""='01_CONFIG_GLOBAL'!$C$14""",ref. única CONFIG!C14
02_SOHIPREN,892,taxa,"""='01_CONFIG_GLOBAL'!$C$4""","""='01_CONFIG_GLOBAL'!$C$14""",ref. única CONFIG!C14
02_SOHIPREN,893,taxa,"""='01_CONFIG_GLOBAL'!$C$4""","""='01_CONFIG_GLOBAL'!$C$14""",ref. única CONFIG!C14
02_SOHIPREN,894,taxa,"""='01_CONFIG_GLOBAL'!$C$4""","""='01_CONFIG_GLOBAL'!$C$14""",ref. única CONFIG!C14
02_SOHIPREN,895,taxa,"""='01_CONFIG_GLOBAL'!$C$4""","""='01_CONFIG_GLOBAL'!$C$14""",ref. única CONFIG!C14
02_SOHIPREN,896,taxa,"""='01_CONFIG_GLOBAL'!$C$4""","""='01_CONFIG_GLOBAL'!$C$14""",ref. única CONFIG!C14
02_SOHIPREN,897,taxa,"""='01_CONFIG_GLOBAL'!$C$4""","""='01_CONFIG_GLOBAL'!$C$14""",ref. única CONFIG!C14
02_SOHIPREN,898,taxa,"""='01_CONFIG_GLOBAL'!$C$4""","""='01_CONFIG_GLOBAL'!$C$14""",ref. única CONFIG!C14
02_SOHIPREN,899,taxa,"""='01_CONFIG_GLOBAL'!$C$4""","""='01_CONFIG_GLOBAL'!$C$14""",ref. única CONFIG!C14
02_SOHIPREN,900,taxa,"""='01_CONFIG_GLOBAL'!$C$4""","""='01_CONFIG_GLOBAL'!$C$14""",ref. única CONFIG!C14
02_SOHIPREN,901,taxa,"""='01_CONFIG_GLOBAL'!$C$4""","""='01_CONFIG_GLOBAL'!$C$14""",ref. única CONFIG!C14
02_SOHIPREN,902,taxa,"""='01_CONFIG_GLOBAL'!$C$4""","""='01_CONFIG_GLOBAL'!$C$14""",ref. única CONFIG!C14
02_SOHIPREN,903,taxa,"""='01_CONFIG_GLOBAL'!$C$4""","""='01_CONFIG_GLOBAL'!$C$14""",ref. única CONFIG!C14
02_SOHIPREN,904,taxa,"""='01_CONFIG_GLOBAL'!$C$4""","""='01_CONFIG_GLOBAL'!$C$14""",ref. única CONFIG!C14
02_SOHIPREN,905,taxa,"""='01_CONFIG_GLOBAL'!$C$4""","""='01_CONFIG_GLOBAL'!$C$14""",ref. única CONFIG!C14
02_SOHIPREN,906,taxa,"""='01_CONFIG_GLOBAL'!$C$4""","""='01_CONFIG_GLOBAL'!$C$14""",ref. única CONFIG!C14
02_SOHIPREN,907,taxa,"""='01_CONFIG_GLOBAL'!$C$4""","""='01_CONFIG_GLOBAL'!$C$14""",ref. única CONFIG!C14
02_SOHIPREN,908,taxa,"""='01_CONFIG_GLOBAL'!$C$4""","""='01_CONFIG_GLOBAL'!$C$14""",ref. única CONFIG!C14
02_SOHIPREN,909,taxa,"""='01_CONFIG_GLOBAL'!$C$4""","""='01_CONFIG_GLOBAL'!$C$14""",ref. única CONFIG!C14
02_SOHIPREN,910,taxa,"""='01_CONFIG_GLOBAL'!$C$4""","""='01_CONFIG_GLOBAL'!$C$14""",ref. única CONFIG!C14
02_SOHIPREN,911,taxa,"""='01_CONFIG_GLOBAL'!$C$4""","""='01_CONFIG_GLOBAL'!$C$14""",ref. única CONFIG!C14
02_SOHIPREN,912,taxa,"""='01_CONFIG_GLOBAL'!$C$4""","""='01_CONFIG_GLOBAL'!$C$14""",ref. única CONFIG!C14
02_SOHIPREN,913,taxa,"""='01_CONFIG_GLOBAL'!$C$4""","""='01_CONFIG_GLOBAL'!$C$14""",ref. única CONFIG!C14
02_SOHIPREN,914,taxa,"""='01_CONFIG_GLOBAL'!$C$4""","""='01_CONFIG_GLOBAL'!$C$14""",ref. única CONFIG!C14
02_SOHIPREN,915,taxa,"""='01_CONFIG_GLOBAL'!$C$4""","""='01_CONFIG_GLOBAL'!$C$14""",ref. única CONFIG!C14
02_SOHIPREN,916,taxa,"""='01_CONFIG_GLOBAL'!$C$4""","""='01_CONFIG_GLOBAL'!$C$14""",ref. única CONFIG!C14
02_SOHIPREN,917,taxa,"""='01_CONFIG_GLOBAL'!$C$4""","""='01_CONFIG_GLOBAL'!$C$14""",ref. única CONFIG!C14
02_SOHIPREN,918,taxa,"""='01_CONFIG_GLOBAL'!$C$4""","""='01_CONFIG_GLOBAL'!$C$14""",ref. única CONFIG!C14
02_SOHIPREN,919,taxa,"""='01_CONFIG_GLOBAL'!$C$4""","""='01_CONFIG_GLOBAL'!$C$14""",ref. única CONFIG!C14
02_SOHIPREN,920,taxa,"""='01_CONFIG_GLOBAL'!$C$4""","""='01_CONFIG_GLOBAL'!$C$14""",ref. única CONFIG!C14
02_SOHIPREN,921,taxa,"""='01_CONFIG_GLOBAL'!$C$4""","""='01_CONFIG_GLOBAL'!$C$14""",ref. única CONFIG!C14
02_SOHIPREN,922,taxa,"""='01_CONFIG_GLOBAL'!$C$4""","""='01_CONFIG_GLOBAL'!$C$14""",ref. única CONFIG!C14
02_SOHIPREN,923,taxa,"""='01_CONFIG_GLOBAL'!$C$4""","""='01_CONFIG_GLOBAL'!$C$14""",ref. única CONFIG!C14
02_SOHIPREN,924,taxa,"""='01_CONFIG_GLOBAL'!$C$4""","""='01_CONFIG_GLOBAL'!$C$14""",ref. única CONFIG!C14
02_SOHIPREN,925,taxa,"""='01_CONFIG_GLOBAL'!$C$4""","""='01_CONFIG_GLOBAL'!$C$14""",ref. única CONFIG!C14
02_SOHIPREN,926,taxa,"""='01_CONFIG_GLOBAL'!$C$4""","""='01_CONFIG_GLOBAL'!$C$14""",ref. única CONFIG!C14
02_SOHIPREN,927,taxa,"""='01_CONFIG_GLOBAL'!$C$4""","""='01_CONFIG_GLOBAL'!$C$14""",ref. única CONFIG!C14
02_SOHIPREN,928,taxa,"""='01_CONFIG_GLOBAL'!$C$4""","""='01_CONFIG_GLOBAL'!$C$14""",ref. única CONFIG!C14
02_SOHIPREN,929,taxa,"""='01_CONFIG_GLOBAL'!$C$4""","""='01_CONFIG_GLOBAL'!$C$14""",ref. única CONFIG!C14
02_SOHIPREN,930,taxa,"""='01_CONFIG_GLOBAL'!$C$4""","""='01_CONFIG_GLOBAL'!$C$14""",ref. única CONFIG!C14
02_SOHIPREN,931,taxa,"""='01_CONFIG_GLOBAL'!$C$4""","""='01_CONFIG_GLOBAL'!$C$14""",ref. única CONFIG!C14
02_SOHIPREN,932,taxa,"""='01_CONFIG_GLOBAL'!$C$4""","""='01_CONFIG_GLOBAL'!$C$14""",ref. única CONFIG!C14
02_SOHIPREN,933,taxa,"""='01_CONFIG_GLOBAL'!$C$4""","""='01_CONFIG_GLOBAL'!$C$14""",ref. única CONFIG!C14
02_SOHIPREN,934,taxa,"""='01_CONFIG_GLOBAL'!$C$4""","""='01_CONFIG_GLOBAL'!$C$14""",ref. única CONFIG!C14
02_SOHIPREN,935,taxa,"""='01_CONFIG_GLOBAL'!$C$4""","""='01_CONFIG_GLOBAL'!$C$14""",ref. única CONFIG!C14
02_SOHIPREN,936,taxa,"""='01_CONFIG_GLOBAL'!$C$4""","""='01_CONFIG_GLOBAL'!$C$14""",ref. única CONFIG!C14
02_SOHIPREN,937,taxa,"""='01_CONFIG_GLOBAL'!$C$4""","""='01_CONFIG_GLOBAL'!$C$14""",ref. única CONFIG!C14
02_SOHIPREN,938,taxa,"""='01_CONFIG_GLOBAL'!$C$4""","""='01_CONFIG_GLOBAL'!$C$14""",ref. única CONFIG!C14
02_SOHIPREN,939,taxa,"""='01_CONFIG_GLOBAL'!$C$4""","""='01_CONFIG_GLOBAL'!$C$14""",ref. única CONFIG!C14
02_SOHIPREN,940,taxa,"""='01_CONFIG_GLOBAL'!$C$4""","""='01_CONFIG_GLOBAL'!$C$14""",ref. única CONFIG!C14
02_SOHIPREN,941,taxa,"""='01_CONFIG_GLOBAL'!$C$4""","""='01_CONFIG_GLOBAL'!$C$14""",ref. única CONFIG!C14
02_SOHIPREN,942,taxa,"""='01_CONFIG_GLOBAL'!$C$4""","""='01_CONFIG_GLOBAL'!$C$14""",ref. única CONFIG!C14
02_SOHIPREN,943,taxa,"""='01_CONFIG_GLOBAL'!$C$4""","""='01_CONFIG_GLOBAL'!$C$14""",ref. única CONFIG!C14
02_SOHIPREN,944,taxa,"""='01_CONFIG_GLOBAL'!$C$4""","""='01_CONFIG_GLOBAL'!$C$14""",ref. única CONFIG!C14
02_SOHIPREN,945,taxa,"""='01_CONFIG_GLOBAL'!$C$4""","""='01_CONFIG_GLOBAL'!$C$14""",ref. única CONFIG!C14
02_SOHIPREN,946,taxa,"""='01_CONFIG_GLOBAL'!$C$4""","""='01_CONFIG_GLOBAL'!$C$14""",ref. única CONFIG!C14
02_SOHIPREN,947,taxa,"""='01_CONFIG_GLOBAL'!$C$4""","""='01_CONFIG_GLOBAL'!$C$14""",ref. única CONFIG!C14
02_SOHIPREN,948,taxa,"""='01_CONFIG_GLOBAL'!$C$4""","""='01_CONFIG_GLOBAL'!$C$14""",ref. única CONFIG!C14
02_SOHIPREN,949,taxa,"""='01_CONFIG_GLOBAL'!$C$4""","""='01_CONFIG_GLOBAL'!$C$14""",ref. única CONFIG!C14
02_SOHIPREN,950,taxa,"""='01_CONFIG_GLOBAL'!$C$4""","""='01_CONFIG_GLOBAL'!$C$14""",ref. única CONFIG!C14
02_SOHIPREN,951,taxa,"""='01_CONFIG_GLOBAL'!$C$4""","""='01_CONFIG_GLOBAL'!$C$14""",ref. única CONFIG!C14
02_SOHIPREN,952,taxa,"""='01_CONFIG_GLOBAL'!$C$4""","""='01_CONFIG_GLOBAL'!$C$14""",ref. única CONFIG!C14
02_SOHIPREN,953,taxa,"""='01_CONFIG_GLOBAL'!$C$4""","""='01_CONFIG_GLOBAL'!$C$14""",ref. única CONFIG!C14
02_SOHIPREN,954,taxa,"""='01_CONFIG_GLOBAL'!$C$4""","""='01_CONFIG_GLOBAL'!$C$14""",ref. única CONFIG!C14
02_SOHIPREN,955,taxa,"""='01_CONFIG_GLOBAL'!$C$4""","""='01_CONFIG_GLOBAL'!$C$14""",ref. única CONFIG!C14
02_SOHIPREN,956,taxa,"""='01_CONFIG_GLOBAL'!$C$4""","""='01_CONFIG_GLOBAL'!$C$14""",ref. única CONFIG!C14
02_SOHIPREN,957,taxa,"""='01_CONFIG_GLOBAL'!$C$4""","""='01_CONFIG_GLOBAL'!$C$14""",ref. única CONFIG!C14
02_SOHIPREN,958,taxa,"""='01_CONFIG_GLOBAL'!$C$4""","""='01_CONFIG_GLOBAL'!$C$14""",ref. única CONFIG!C14
02_SOHIPREN,959,taxa,"""='01_CONFIG_GLOBAL'!$C$4""","""='01_CONFIG_GLOBAL'!$C$14""",ref. única CONFIG!C14
02_SOHIPREN,960,taxa,"""='01_CONFIG_GLOBAL'!$C$4""","""='01_CONFIG_GLOBAL'!$C$14""",ref. única CONFIG!C14
02_SOHIPREN,961,taxa,"""='01_CONFIG_GLOBAL'!$C$4""","""='01_CONFIG_GLOBAL'!$C$14""",ref. única CONFIG!C14
02_SOHIPREN,962,taxa,"""='01_CONFIG_GLOBAL'!$C$4""","""='01_CONFIG_GLOBAL'!$C$14""",ref. única CONFIG!C14
02_SOHIPREN,963,taxa,"""='01_CONFIG_GLOBAL'!$C$4""","""='01_CONFIG_GLOBAL'!$C$14""",ref. única CONFIG!C14
02_SOHIPREN,964,taxa,"""='01_CONFIG_GLOBAL'!$C$4""","""='01_CONFIG_GLOBAL'!$C$14""",ref. única CONFIG!C14
02_SOHIPREN,965,taxa,"""='01_CONFIG_GLOBAL'!$C$4""","""='01_CONFIG_GLOBAL'!$C$14""",ref. única CONFIG!C14
02_SOHIPREN,966,taxa,"""='01_CONFIG_GLOBAL'!$C$4""","""='01_CONFIG_GLOBAL'!$C$14""",ref. única CONFIG!C14
02_SOHIPREN,967,taxa,"""='01_CONFIG_GLOBAL'!$C$4""","""='01_CONFIG_GLOBAL'!$C$14""",ref. única CONFIG!C14
02_SOHIPREN,968,taxa,"""='01_CONFIG_GLOBAL'!$C$4""","""='01_CONFIG_GLOBAL'!$C$14""",ref. única CONFIG!C14
02_SOHIPREN,969,taxa,"""='01_CONFIG_GLOBAL'!$C$4""","""='01_CONFIG_GLOBAL'!$C$14""",ref. única CONFIG!C14
02_SOHIPREN,970,taxa,"""='01_CONFIG_GLOBAL'!$C$4""","""='01_CONFIG_GLOBAL'!$C$14""",ref. única CONFIG!C14
02_SOHIPREN,971,taxa,"""='01_CONFIG_GLOBAL'!$C$4""","""='01_CONFIG_GLOBAL'!$C$14""",ref. única CONFIG!C14
02_SOHIPREN,972,taxa,"""='01_CONFIG_GLOBAL'!$C$4""","""='01_CONFIG_GLOBAL'!$C$14""",ref. única CONFIG!C14
02_SOHIPREN,973,taxa,"""='01_CONFIG_GLOBAL'!$C$4""","""='01_CONFIG_GLOBAL'!$C$14""",ref. única CONFIG!C14
02_SOHIPREN,974,taxa,"""='01_CONFIG_GLOBAL'!$C$4""","""='01_CONFIG_GLOBAL'!$C$14""",ref. única CONFIG!C14
02_SOHIPREN,975,taxa,"""='01_CONFIG_GLOBAL'!$C$4""","""='01_CONFIG_GLOBAL'!$C$14""",ref. única CONFIG!C14
02_SOHIPREN,976,taxa,"""='01_CONFIG_GLOBAL'!$C$4""","""='01_CONFIG_GLOBAL'!$C$14""",ref. única CONFIG!C14
02_SOHIPREN,977,taxa,"""='01_CONFIG_GLOBAL'!$C$4""","""='01_CONFIG_GLOBAL'!$C$14""",ref. única CONFIG!C14
02_SOHIPREN,978,taxa,"""='01_CONFIG_GLOBAL'!$C$4""","""='01_CONFIG_GLOBAL'!$C$14""",ref. única CONFIG!C14
02_SOHIPREN,979,taxa,"""='01_CONFIG_GLOBAL'!$C$4""","""='01_CONFIG_GLOBAL'!$C$14""",ref. única CONFIG!C14
02_SOHIPREN,980,taxa,"""='01_CONFIG_GLOBAL'!$C$4""","""='01_CONFIG_GLOBAL'!$C$14""",ref. única CONFIG!C14
02_SOHIPREN,981,taxa,"""='01_CONFIG_GLOBAL'!$C$4""","""='01_CONFIG_GLOBAL'!$C$14""",ref. única CONFIG!C14
02_SOHIPREN,982,taxa,"""='01_CONFIG_GLOBAL'!$C$4""","""='01_CONFIG_GLOBAL'!$C$14""",ref. única CONFIG!C14
02_SOHIPREN,983,taxa,"""='01_CONFIG_GLOBAL'!$C$4""","""='01_CONFIG_GLOBAL'!$C$14""",ref. única CONFIG!C14
02_SOHIPREN,984,taxa,"""='01_CONFIG_GLOBAL'!$C$4""","""='01_CONFIG_GLOBAL'!$C$14""",ref. única CONFIG!C14
02_SOHIPREN,985,taxa,"""='01_CONFIG_GLOBAL'!$C$4""","""='01_CONFIG_GLOBAL'!$C$14""",ref. única CONFIG!C14
02_SOHIPREN,986,taxa,"""='01_CONFIG_GLOBAL'!$C$4""","""='01_CONFIG_GLOBAL'!$C$14""",ref. única CONFIG!C14
02_SOHIPREN,987,taxa,"""='01_CONFIG_GLOBAL'!$C$4""","""='01_CONFIG_GLOBAL'!$C$14""",ref. única CONFIG!C14
02_SOHIPREN,988,taxa,"""='01_CONFIG_GLOBAL'!$C$4""","""='01_CONFIG_GLOBAL'!$C$14""",ref. única CONFIG!C14
02_SOHIPREN,989,taxa,"""='01_CONFIG_GLOBAL'!$C$4""","""='01_CONFIG_GLOBAL'!$C$14""",ref. única CONFIG!C14
02_SOHIPREN,990,taxa,"""='01_CONFIG_GLOBAL'!$C$4""","""='01_CONFIG_GLOBAL'!$C$14""",ref. única CONFIG!C14
02_SOHIPREN,991,taxa,"""='01_CONFIG_GLOBAL'!$C$4""","""='01_CONFIG_GLOBAL'!$C$14""",ref. única CONFIG!C14
02_SOHIPREN,992,taxa,"""='01_CONFIG_GLOBAL'!$C$4""","""='01_CONFIG_GLOBAL'!$C$14""",ref. única CONFIG!C14
02_SOHIPREN,993,taxa,"""='01_CONFIG_GLOBAL'!$C$4""","""='01_CONFIG_GLOBAL'!$C$14""",ref. única CONFIG!C14
02_SOHIPREN,994,taxa,"""='01_CONFIG_GLOBAL'!$C$4""","""='01_CONFIG_GLOBAL'!$C$14""",ref. única CONFIG!C14
02_SOHIPREN,995,taxa,"""='01_CONFIG_GLOBAL'!$C$4""","""='01_CONFIG_GLOBAL'!$C$14""",ref. única CONFIG!C14
02_SOHIPREN,996,taxa,"""='01_CONFIG_GLOBAL'!$C$4""","""='01_CONFIG_GLOBAL'!$C$14""",ref. única CONFIG!C14
02_SOHIPREN,997,taxa,"""='01_CONFIG_GLOBAL'!$C$4""","""='01_CONFIG_GLOBAL'!$C$14""",ref. única CONFIG!C14
02_SOHIPREN,998,taxa,"""='01_CONFIG_GLOBAL'!$C$4""","""='01_CONFIG_GLOBAL'!$C$14""",ref. única CONFIG!C14
02_SOHIPREN,999,taxa,"""='01_CONFIG_GLOBAL'!$C$4""","""='01_CONFIG_GLOBAL'!$C$14""",ref. única CONFIG!C14
02_SOHIPREN,1000,taxa,"""='01_CONFIG_GLOBAL'!$C$4""","""='01_CONFIG_GLOBAL'!$C$14""",ref. única CONFIG!C14
02_SOHIPREN,1001,taxa,"""='01_CONFIG_GLOBAL'!$C$4""","""='01_CONFIG_GLOBAL'!$C$14""",ref. única CONFIG!C14
02_SOHIPREN,1002,taxa,"""='01_CONFIG_GLOBAL'!$C$4""","""='01_CONFIG_GLOBAL'!$C$14""",ref. única CONFIG!C14
02_SOHIPREN,1003,taxa,"""='01_CONFIG_GLOBAL'!$C$4""","""='01_CONFIG_GLOBAL'!$C$14""",ref. única CONFIG!C14
02_SOHIPREN,1004,taxa,"""='01_CONFIG_GLOBAL'!$C$4""","""='01_CONFIG_GLOBAL'!$C$14""",ref. única CONFIG!C14
02_SOHIPREN,1005,taxa,"""='01_CONFIG_GLOBAL'!$C$4""","""='01_CONFIG_GLOBAL'!$C$14""",ref. única CONFIG!C14
02_SOHIPREN,1006,taxa,"""='01_CONFIG_GLOBAL'!$C$4""","""='01_CONFIG_GLOBAL'!$C$14""",ref. única CONFIG!C14
02_SOHIPREN,1007,taxa,"""='01_CONFIG_GLOBAL'!$C$4""","""='01_CONFIG_GLOBAL'!$C$14""",ref. única CONFIG!C14
02_SOHIPREN,1008,taxa,"""='01_CONFIG_GLOBAL'!$C$4""","""='01_CONFIG_GLOBAL'!$C$14""",ref. única CONFIG!C14
02_SOHIPREN,1009,taxa,"""='01_CONFIG_GLOBAL'!$C$4""","""='01_CONFIG_GLOBAL'!$C$14""",ref. única CONFIG!C14
02_SOHIPREN,1010,taxa,"""='01_CONFIG_GLOBAL'!$C$4""","""='01_CONFIG_GLOBAL'!$C$14""",ref. única CONFIG!C14
04_GRECO,6,taxa,0.2082,"""='01_CONFIG_GLOBAL'!$C$14""",ref. única CONFIG!C14
04_GRECO,7,taxa,0.2082,"""='01_CONFIG_GLOBAL'!$C$14""",ref. única CONFIG!C14
04_GRECO,8,taxa,0.2082,"""='01_CONFIG_GLOBAL'!$C$14""",ref. única CONFIG!C14
04_GRECO,9,taxa,0.2082,"""='01_CONFIG_GLOBAL'!$C$14""",ref. única CONFIG!C14
04_GRECO,10,taxa,0.2082,"""='01_CONFIG_GLOBAL'!$C$14""",ref. única CONFIG!C14
04_GRECO,11,taxa,0.2082,"""='01_CONFIG_GLOBAL'!$C$14""",ref. única CONFIG!C14
04_GRECO,12,taxa,0.2082,"""='01_CONFIG_GLOBAL'!$C$14""",ref. única CONFIG!C14
04_GRECO,13,taxa,0.2082,"""='01_CONFIG_GLOBAL'!$C$14""",ref. única CONFIG!C14
04_GRECO,14,taxa,0.2082,"""='01_CONFIG_GLOBAL'!$C$14""",ref. única CONFIG!C14
04_GRECO,15,taxa,0.2082,"""='01_CONFIG_GLOBAL'!$C$14""",ref. única CONFIG!C14
03_AGCO,6,kit,'1',1,texto→número
03_AGCO,6,lead,'5',5,texto→número
03_AGCO,6,peso,"'0,36'",0.36,texto→número
03_AGCO,6,comp,'12',12.0,texto→número
03_AGCO,6,larg,'3',3.0,texto→número
03_AGCO,6,frete,"'R$ 19,10'",19.1,texto→número
03_AGCO,7,kit,'1',1,texto→número
03_AGCO,7,lead,'5',5,texto→número
03_AGCO,7,peso,"'3,5'",3.5,texto→número
03_AGCO,7,comp,'50',50.0,texto→número
03_AGCO,7,larg,'7',7.0,texto→número
03_AGCO,7,frete,"'R$ 18,50'",18.5,texto→número
03_AGCO,8,kit,'25',25,texto→número
03_AGCO,8,lead,'5',5,texto→número
03_AGCO,8,peso,"'87,5'",87.5,texto→número
03_AGCO,8,comp,'50',50.0,texto→número
03_AGCO,8,larg,'25',25.0,texto→número
03_AGCO,9,kit,'60',60,texto→número
03_AGCO,9,lead,'5',5,texto→número
03_AGCO,9,peso,"'22,40'",22.4,texto→número
03_AGCO,9,comp,'35',35.0,texto→número
03_AGCO,9,larg,'43',43.0,texto→número
03_AGCO,9,frete,"'R$ 142,00'",142.0,texto→número
03_AGCO,10,kit,'25',25,texto→número
03_AGCO,10,lead,'5',5,texto→número
03_AGCO,10,peso,"'32,5'",32.5,texto→número
03_AGCO,10,comp,'100',100.0,texto→número
03_AGCO,10,larg,'120',120.0,texto→número
03_AGCO,10,frete,"'R$ 40,06'",40.06,texto→número
03_AGCO,11,kit,'1',1,texto→número
03_AGCO,11,lead,'5',5,texto→número
03_AGCO,11,comp,'31',31.0,texto→número
03_AGCO,11,larg,'25',25.0,texto→número
03_AGCO,11,frete,"'R$ 40,06'",40.06,texto→número
03_AGCO,12,kit,'12',12,texto→número
03_AGCO,12,lead,'5',5,texto→número
03_AGCO,12,comp,'100',100.0,texto→número
03_AGCO,12,larg,'60',60.0,texto→número
03_AGCO,13,kit,'1',1,texto→número
03_AGCO,13,lead,'5',5,texto→número
03_AGCO,13,frete,"'R$ 18,50'",18.5,texto→número
03_AGCO,14,kit,'30',30,texto→número
03_AGCO,14,lead,'5',5,texto→número
03_AGCO,14,comp,'50',50.0,texto→número
03_AGCO,14,larg,'18',18.0,texto→número
03_AGCO,15,kit,'1',1,texto→número
03_AGCO,15,lead,'5',5,texto→número
03_AGCO,15,frete,"'R$ 18,50'",18.5,texto→número
03_AGCO,16,kit,'10',10,texto→número
03_AGCO,16,lead,'5',5,texto→número
03_AGCO,16,comp,'35',35.0,texto→número
03_AGCO,16,larg,'15',15.0,texto→número
03_AGCO,17,kit,'1',1,texto→número
03_AGCO,17,lead,'5',5,texto→número
03_AGCO,17,frete,"'R$ 18,50'",18.5,texto→número
03_AGCO,18,kit,'10',10,texto→número
03_AGCO,18,lead,'5',5,texto→número
03_AGCO,18,comp,'18',18.0,texto→número
03_AGCO,18,larg,'22',22.0,texto→número
03_AGCO,19,kit,'1',1,texto→número
03_AGCO,19,lead,'5',5,texto→número
03_AGCO,19,frete,"'R$ 18,50'",18.5,texto→número
03_AGCO,20,kit,'50',50,texto→número
03_AGCO,20,lead,'5',5,texto→número
03_AGCO,20,comp,'30',30.0,texto→número
03_AGCO,20,larg,'14',14.0,texto→número
03_AGCO,21,lead,'5',5,texto→número
03_AGCO,21,frete,"'R$ 18,50'",18.5,texto→número
03_AGCO,22,lead,'5',5,texto→número
03_AGCO,22,frete,"'R$ 18,50'",18.5,texto→número
03_AGCO,23,kit,'60',60,texto→número
03_AGCO,23,lead,'5',5,texto→número
03_AGCO,23,comp,'45',45.0,texto→número
03_AGCO,23,larg,'32',32.0,texto→número
03_AGCO,24,kit,'1',1,texto→número
03_AGCO,24,lead,'5',5,texto→número
03_AGCO,24,frete,"'R$ 18,50'",18.5,texto→número
03_AGCO,25,kit,'60',60,texto→número
03_AGCO,25,lead,'5',5,texto→número
03_AGCO,25,comp,'45',45.0,texto→número
03_AGCO,25,larg,'32',32.0,texto→número
03_AGCO,26,kit,'1',1,texto→número
03_AGCO,26,lead,'5',5,texto→número
03_AGCO,26,comp,"'22,5'",22.5,texto→número
03_AGCO,26,larg,'12',12.0,texto→número
03_AGCO,26,frete,"'R$ 18,50'",18.5,texto→número
03_AGCO,27,kit,'20',20,texto→número
03_AGCO,27,lead,'5',5,texto→número
03_AGCO,27,comp,'25',25.0,texto→número
03_AGCO,27,larg,'25',25.0,texto→número
03_AGCO,28,kit,'1',1,texto→número
03_AGCO,28,lead,'5',5,texto→número
03_AGCO,28,larg,'12',12.0,texto→número
03_AGCO,28,frete,"'R$ 18,50'",18.5,texto→número
03_AGCO,29,kit,'50',50,texto→número
03_AGCO,29,lead,'5',5,texto→número
03_AGCO,29,comp,'40',40.0,texto→número
03_AGCO,29,larg,'25',25.0,texto→número
03_AGCO,30,kit,'1',1,texto→número
03_AGCO,30,lead,'5',5,texto→número
03_AGCO,30,frete,"'R$ 18,50'",18.5,texto→número
03_AGCO,31,kit,'60',60,texto→número
03_AGCO,31,lead,'5',5,texto→número
03_AGCO,31,comp,'20',20.0,texto→número
03_AGCO,31,larg,'32',32.0,texto→número
03_AGCO,32,kit,'1',1,texto→número
03_AGCO,32,lead,'5',5,texto→número
03_AGCO,32,frete,"'R$ 18,50'",18.5,texto→número
03_AGCO,33,kit,'60',60,texto→número
03_AGCO,33,lead,'5',5,texto→número
03_AGCO,33,comp,'20',20.0,texto→número
03_AGCO,33,larg,'32',32.0,texto→número
03_AGCO,34,kit,'1',1,texto→número
03_AGCO,34,lead,'5',5,texto→número
03_AGCO,34,frete,"'R$ 19,50'",19.5,texto→número
03_AGCO,35,kit,'40',40,texto→número
03_AGCO,35,lead,'5',5,texto→número
03_AGCO,35,comp,'35',35.0,texto→número
03_AGCO,35,larg,'40',40.0,texto→número
03_AGCO,36,kit,'1',1,texto→número
03_AGCO,36,lead,'5',5,texto→número
03_AGCO,36,frete,"'R$ 18,50'",18.5,texto→número
03_AGCO,37,kit,'60',60,texto→número
03_AGCO,37,lead,'5',5,texto→número
03_AGCO,37,comp,'30',30.0,texto→número
03_AGCO,37,larg,'30',30.0,texto→número
03_AGCO,38,kit,'1',1,texto→número
03_AGCO,38,lead,'5',5,texto→número
03_AGCO,38,frete,"'R$ 18,50'",18.5,texto→número
03_AGCO,39,kit,'10',10,texto→número
03_AGCO,39,lead,'5',5,texto→número
03_AGCO,39,comp,'35',35.0,texto→número
03_AGCO,39,larg,'15',15.0,texto→número
03_AGCO,40,kit,'1',1,texto→número
03_AGCO,40,lead,'5',5,texto→número
03_AGCO,40,frete,"'R$ 18,50'",18.5,texto→número
03_AGCO,41,kit,'10',10,texto→número
03_AGCO,41,lead,'5',5,texto→número
03_AGCO,41,comp,'35',35.0,texto→número
03_AGCO,41,larg,'15',15.0,texto→número
03_AGCO,42,kit,'1',1,texto→número
03_AGCO,42,lead,'5',5,texto→número
03_AGCO,42,peso,"'0,08'",0.08,texto→número
03_AGCO,42,frete,"'R$ 18,50'",18.5,texto→número
03_AGCO,43,kit,'40',40,texto→número
03_AGCO,43,lead,'5',5,texto→número
03_AGCO,43,comp,'22',22.0,texto→número
03_AGCO,43,larg,'22',22.0,texto→número
03_AGCO,44,kit,'1',1,texto→número
03_AGCO,44,lead,'5',5,texto→número
03_AGCO,44,comp,'14',14.0,texto→número
03_AGCO,44,larg,"'52,5'",52.5,texto→número
03_AGCO,44,frete,"'R$ 30,52'",30.52,texto→número
03_AGCO,45,kit,'1',1,texto→número
03_AGCO,45,lead,'5',5,texto→número
03_AGCO,45,frete,"'R$ 19,05'",19.05,texto→número
03_AGCO,46,kit,'25',25,texto→número
03_AGCO,46,lead,'5',5,texto→número
03_AGCO,46,comp,'40',40.0,texto→número
03_AGCO,46,larg,'40',40.0,texto→número
03_AGCO,47,kit,'1',1,texto→número
03_AGCO,47,lead,'5',5,texto→número
03_AGCO,47,peso,"'0,132'",0.132,texto→número
03_AGCO,47,comp,"'10,9'",10.9,texto→número
03_AGCO,47,larg,"'9,4'",9.4,texto→número
03_AGCO,48,kit,'10',10,texto→número
03_AGCO,48,lead,'5',5,texto→número
03_AGCO,48,comp,'17',17.0,texto→número
03_AGCO,48,larg,'35',35.0,texto→número
03_AGCO,49,kit,'25',25,texto→número
03_AGCO,49,lead,'5',5,texto→número
03_AGCO,49,frete,"'R$ 18,50'",18.5,texto→número
03_AGCO,50,kit,'25',25,texto→número
03_AGCO,50,lead,'5',5,texto→número
03_AGCO,50,frete,"'R$ 18,50'",18.5,texto→número
03_AGCO,51,kit,'25',25,texto→número
03_AGCO,51,lead,'5',5,texto→número
03_AGCO,51,frete,"'R$ 18,50'",18.5,texto→número
03_AGCO,10,custo,'=35.74','=Y11*N10',custo kit = unit × N
03_AGCO,12,custo,'=35.74*12','=Y11*N12',custo kit = unit × N
03_AGCO,12,peso,'=1.3*12','=P11*N12',peso kit = unit × N
03_AGCO,14,custo,'=13.81*30','=Y13*N14',custo kit = unit × N
03_AGCO,14,peso,'=0.2*30','=P13*N14',peso kit = unit × N
03_AGCO,16,custo,'=20.01*10','=Y15*N16',custo kit = unit × N
03_AGCO,16,peso,'=0.19*10','=P15*N16',peso kit = unit × N
03_AGCO,18,custo,'=20.14*10','=Y17*N18',custo kit = unit × N
03_AGCO,18,peso,'=0.1*10','=P17*N18',peso kit = unit × N
03_AGCO,20,custo,'=4.53*N20','=Y19*N20',custo kit = unit × N
03_AGCO,20,peso,'=0.06*N20','=P19*N20',peso kit = unit × N
03_AGCO,23,custo,'=8.31*N23','=Y22*N23',custo kit = unit × N
03_AGCO,23,peso,'=0.19*N23','=P22*N23',peso kit = unit × N
03_AGCO,49,custo,8.31,'=Y22*N49',custo kit = unit × N
03_AGCO,49,peso,0.19,'=P22*N49',peso kit = unit × N
03_AGCO,49,caixa,"'[3.0, 11.0, 7.0]'","'[45.0, 32.0, 7.5]'",dims eram da peça unitária — escalado da caixa kit 60
03_AGCO,25,custo,'=8.31*N25','=Y24*N25',custo kit = unit × N
03_AGCO,25,peso,'=0.19*N25','=P24*N25',peso kit = unit × N
03_AGCO,50,custo,8.31,'=Y24*N50',custo kit = unit × N
03_AGCO,50,peso,0.19,'=P24*N50',peso kit = unit × N
03_AGCO,50,caixa,"'[3.0, 10.0, 7.0]'","'[45.0, 32.0, 7.5]'",dims eram da peça unitária — escalado da caixa kit 60
03_AGCO,27,custo,'=9.02*N27','=Y26*N27',custo kit = unit × N
03_AGCO,27,peso,'=0.1*N27','=P26*N27',peso kit = unit × N
03_AGCO,29,custo,'=5.77*N29','=Y28*N29',custo kit = unit × N
03_AGCO,29,peso,'=0.25*N29','=P28*N29',peso kit = unit × N
03_AGCO,31,custo,'=3.94*N31','=Y30*N31',custo kit = unit × N
03_AGCO,31,peso,'=0.1*N31','=P30*N31',peso kit = unit × N
03_AGCO,33,custo,'=3.94*N33','=Y32*N33',custo kit = unit × N
03_AGCO,33,peso,'=0.1*N33','=P32*N33',peso kit = unit × N
03_AGCO,35,custo,'=8.64*N35','=Y34*N35',custo kit = unit × N
03_AGCO,35,peso,'=0.16*N35','=P34*N35',peso kit = unit × N
03_AGCO,37,custo,'=9.57*N37','=Y36*N37',custo kit = unit × N
03_AGCO,37,peso,'=0.12*N37','=P36*N37',peso kit = unit × N
03_AGCO,51,custo,9.57,'=Y36*N51',custo kit = unit × N
03_AGCO,51,peso,0.12,'=P36*N51',peso kit = unit × N
03_AGCO,51,caixa,"'[8.8, 13.0, 3.0]'","'[30.0, 30.0, 18.8]'",dims eram da peça unitária — escalado da caixa kit 60
03_AGCO,39,custo,'=20.01*N39','=Y38*N39',custo kit = unit × N
03_AGCO,39,peso,'=0.19*N39','=P38*N39',peso kit = unit × N
03_AGCO,41,custo,'=20.01*N41','=Y40*N41',custo kit = unit × N
03_AGCO,41,peso,'=0.19*N41','=P40*N41',peso kit = unit × N
03_AGCO,43,custo,'=5.46*N43','=Y42*N43',custo kit = unit × N
03_AGCO,43,peso,'=0.08*N43','=P42*N43',peso kit = unit × N
03_AGCO,46,custo,'=6.44*N46','=Y45*N46',custo kit = unit × N
03_AGCO,46,peso,'=0.14*N46','=P45*N46',peso kit = unit × N
03_AGCO,48,peso,'=0.132*N48','=P47*N48',peso kit = unit × N
03_AGCO,6,taxa,0.2082,"""='01_CONFIG_GLOBAL'!$C$14""",ref. única CONFIG!C14
03_AGCO,7,taxa,0.2082,"""='01_CONFIG_GLOBAL'!$C$14""",ref. única CONFIG!C14
03_AGCO,8,taxa,0.2082,"""='01_CONFIG_GLOBAL'!$C$14""",ref. única CONFIG!C14
03_AGCO,9,taxa,0.2082,"""='01_CONFIG_GLOBAL'!$C$14""",ref. única CONFIG!C14
03_AGCO,10,taxa,0.2082,"""='01_CONFIG_GLOBAL'!$C$14""",ref. única CONFIG!C14
03_AGCO,11,taxa,0.2082,"""='01_CONFIG_GLOBAL'!$C$14""",ref. única CONFIG!C14
03_AGCO,12,taxa,0.2082,"""='01_CONFIG_GLOBAL'!$C$14""",ref. única CONFIG!C14
03_AGCO,13,taxa,0.2082,"""='01_CONFIG_GLOBAL'!$C$14""",ref. única CONFIG!C14
03_AGCO,14,taxa,0.2082,"""='01_CONFIG_GLOBAL'!$C$14""",ref. única CONFIG!C14
03_AGCO,15,taxa,0.2082,"""='01_CONFIG_GLOBAL'!$C$14""",ref. única CONFIG!C14
03_AGCO,16,taxa,0.2082,"""='01_CONFIG_GLOBAL'!$C$14""",ref. única CONFIG!C14
03_AGCO,17,taxa,0.2082,"""='01_CONFIG_GLOBAL'!$C$14""",ref. única CONFIG!C14
03_AGCO,18,taxa,0.2082,"""='01_CONFIG_GLOBAL'!$C$14""",ref. única CONFIG!C14
03_AGCO,19,taxa,0.2082,"""='01_CONFIG_GLOBAL'!$C$14""",ref. única CONFIG!C14
03_AGCO,20,taxa,0.2082,"""='01_CONFIG_GLOBAL'!$C$14""",ref. única CONFIG!C14
03_AGCO,21,taxa,0.2082,"""='01_CONFIG_GLOBAL'!$C$14""",ref. única CONFIG!C14
03_AGCO,22,taxa,0.2082,"""='01_CONFIG_GLOBAL'!$C$14""",ref. única CONFIG!C14
03_AGCO,23,taxa,0.2082,"""='01_CONFIG_GLOBAL'!$C$14""",ref. única CONFIG!C14
03_AGCO,24,taxa,0.2082,"""='01_CONFIG_GLOBAL'!$C$14""",ref. única CONFIG!C14
03_AGCO,25,taxa,0.2082,"""='01_CONFIG_GLOBAL'!$C$14""",ref. única CONFIG!C14
03_AGCO,26,taxa,0.2082,"""='01_CONFIG_GLOBAL'!$C$14""",ref. única CONFIG!C14
03_AGCO,27,taxa,0.2082,"""='01_CONFIG_GLOBAL'!$C$14""",ref. única CONFIG!C14
03_AGCO,28,taxa,0.2082,"""='01_CONFIG_GLOBAL'!$C$14""",ref. única CONFIG!C14
03_AGCO,29,taxa,0.2082,"""='01_CONFIG_GLOBAL'!$C$14""",ref. única CONFIG!C14
03_AGCO,30,taxa,0.2082,"""='01_CONFIG_GLOBAL'!$C$14""",ref. única CONFIG!C14
03_AGCO,31,taxa,0.208199999999999,"""='01_CONFIG_GLOBAL'!$C$14""",ref. única CONFIG!C14
03_AGCO,32,taxa,0.208199999999999,"""='01_CONFIG_GLOBAL'!$C$14""",ref. única CONFIG!C14
03_AGCO,33,taxa,0.208199999999999,"""='01_CONFIG_GLOBAL'!$C$14""",ref. única CONFIG!C14
03_AGCO,34,taxa,0.208199999999999,"""='01_CONFIG_GLOBAL'!$C$14""",ref. única CONFIG!C14
03_AGCO,35,taxa,0.208199999999999,"""='01_CONFIG_GLOBAL'!$C$14""",ref. única CONFIG!C14
03_AGCO,36,taxa,0.208199999999999,"""='01_CONFIG_GLOBAL'!$C$14""",ref. única CONFIG!C14
03_AGCO,37,taxa,0.208199999999999,"""='01_CONFIG_GLOBAL'!$C$14""",ref. única CONFIG!C14
03_AGCO,38,taxa,0.208199999999999,"""='01_CONFIG_GLOBAL'!$C$14""",ref. única CONFIG!C14
03_AGCO,39,taxa,0.208199999999999,"""='01_CONFIG_GLOBAL'!$C$14""",ref. única CONFIG!C14
03_AGCO,40,taxa,0.208199999999999,"""='01_CONFIG_GLOBAL'!$C$14""",ref. única CONFIG!C14
03_AGCO,41,taxa,0.208199999999999,"""='01_CONFIG_GLOBAL'!$C$14""",ref. única CONFIG!C14
03_AGCO,42,taxa,0.208199999999999,"""='01_CONFIG_GLOBAL'!$C$14""",ref. única CONFIG!C14
03_AGCO,43,taxa,0.208199999999999,"""='01_CONFIG_GLOBAL'!$C$14""",ref. única CONFIG!C14
03_AGCO,44,taxa,0.208199999999999,"""='01_CONFIG_GLOBAL'!$C$14""",ref. única CONFIG!C14
03_AGCO,45,taxa,0.208199999999999,"""='01_CONFIG_GLOBAL'!$C$14""",ref. única CONFIG!C14
03_AGCO,46,taxa,0.208199999999999,"""='01_CONFIG_GLOBAL'!$C$14""",ref. única CONFIG!C14
03_AGCO,47,taxa,0.208199999999999,"""='01_CONFIG_GLOBAL'!$C$14""",ref. única CONFIG!C14
03_AGCO,48,taxa,0.208199999999999,"""='01_CONFIG_GLOBAL'!$C$14""",ref. única CONFIG!C14
03_AGCO,49,taxa,0.208199999999999,"""='01_CONFIG_GLOBAL'!$C$14""",ref. única CONFIG!C14
03_AGCO,50,taxa,0.208199999999999,"""='01_CONFIG_GLOBAL'!$C$14""",ref. única CONFIG!C14
03_AGCO,51,taxa,0.208199999999999,"""='01_CONFIG_GLOBAL'!$C$14""",ref. única CONFIG!C14
05_JOHN_DEERE,7,marg,None,'=Y6',herdada da linha unitária
05_JOHN_DEERE,7,custo,'=5*M7','=X6*M7',custo kit = unit × N
05_JOHN_DEERE,7,peso,'=0.074*M7','=O6*M7',peso kit = unit × N
05_JOHN_DEERE,9,marg,None,'=Y8',herdada da linha unitária
05_JOHN_DEERE,9,custo,'=5*M9','=X8*M9',custo kit = unit × N
05_JOHN_DEERE,9,peso,'=0.084*M9','=O8*M9',peso kit = unit × N
05_JOHN_DEERE,11,marg,None,'=Y10',herdada da linha unitária
05_JOHN_DEERE,11,custo,'=2.9*M11','=X10*M11',custo kit = unit × N
05_JOHN_DEERE,11,peso,'=0.02*M11','=O10*M11',peso kit = unit × N
05_JOHN_DEERE,37,custo,None,'=X12/M12*M37',proporcional a outro lote (sem linha unitária)
05_JOHN_DEERE,15,marg,None,'=Y14',herdada da linha unitária
05_JOHN_DEERE,15,custo,'=100*M15','=X14*M15',custo kit = unit × N
05_JOHN_DEERE,15,peso,'=0.1*M15','=O14*M15',peso kit = unit × N
05_JOHN_DEERE,40,custo,100.0,'=X14*M40',custo kit = unit × N
05_JOHN_DEERE,40,peso,'=0.1*M40','=O14*M40',peso kit = unit × N
05_JOHN_DEERE,17,marg,None,'=Y16',herdada da linha unitária
05_JOHN_DEERE,17,custo,'=9.9*M17','=X16*M17',custo kit = unit × N
05_JOHN_DEERE,17,peso,'=0.047*M17','=O16*M17',peso kit = unit × N
05_JOHN_DEERE,21,marg,None,'=Y20',herdada da linha unitária
05_JOHN_DEERE,21,custo,'=4.1*M21','=X20*M21',custo kit = unit × N
05_JOHN_DEERE,21,peso,'=0.09*M21','=O20*M21',peso kit = unit × N
05_JOHN_DEERE,23,marg,None,'=Y22',herdada da linha unitária
05_JOHN_DEERE,23,custo,'=4.5*M23','=X22*M23',custo kit = unit × N
05_JOHN_DEERE,23,peso,'=0.075*M23','=O22*M23',peso kit = unit × N
05_JOHN_DEERE,25,marg,None,'=Y24',herdada da linha unitária
05_JOHN_DEERE,25,custo,'=19.5*M25','=X24*M25',custo kit = unit × N
05_JOHN_DEERE,25,peso,'=0.204*M25','=O24*M25',peso kit = unit × N
05_JOHN_DEERE,28,marg,None,'=Y27',herdada da linha unitária
05_JOHN_DEERE,28,custo,'=4.5*M28','=X27*M28',custo kit = unit × N
05_JOHN_DEERE,28,peso,'=0.045*M28','=O27*M28',peso kit = unit × N
05_JOHN_DEERE,30,marg,None,'=Y29',herdada da linha unitária
05_JOHN_DEERE,30,custo,'=4.5*M30','=X29*M30',custo kit = unit × N
05_JOHN_DEERE,30,peso,'=0.039*M30','=O29*M30',peso kit = unit × N
05_JOHN_DEERE,32,marg,None,'=Y31',herdada da linha unitária
05_JOHN_DEERE,32,custo,'=5.6*M32','=X31*M32',custo kit = unit × N
05_JOHN_DEERE,32,peso,'=0.019*M32','=O31*M32',peso kit = unit × N
05_JOHN_DEERE,35,marg,None,'=Y34',herdada da linha unitária
05_JOHN_DEERE,35,custo,'=15*M35','=X34*M35',custo kit = unit × N
05_JOHN_DEERE,35,peso,'=0.097*M35','=O34*M35',peso kit = unit × N
05_JOHN_DEERE,38,custo,120.0,'=X13*M38',custo kit = unit × N
05_JOHN_DEERE,38,peso,'=0.127*M38','=O13*M38',peso kit = unit × N
05_JOHN_DEERE,39,marg,None,'=Y13',herdada da linha unitária
05_JOHN_DEERE,39,custo,None,'=X13*M39',custo kit = unit × N
05_JOHN_DEERE,39,peso,'=0.127*M39','=O13*M39',peso kit = unit × N
05_JOHN_DEERE,6,taxa,0.2082,"""='01_CONFIG_GLOBAL'!$C$14""",ref. única CONFIG!C14
05_JOHN_DEERE,7,taxa,None,"""='01_CONFIG_GLOBAL'!$C$14""",ref. única CONFIG!C14
05_JOHN_DEERE,8,taxa,0.2082,"""='01_CONFIG_GLOBAL'!$C$14""",ref. única CONFIG!C14
05_JOHN_DEERE,9,taxa,None,"""='01_CONFIG_GLOBAL'!$C$14""",ref. única CONFIG!C14
05_JOHN_DEERE,10,taxa,0.2082,"""='01_CONFIG_GLOBAL'!$C$14""",ref. única CONFIG!C14
05_JOHN_DEERE,11,taxa,None,"""='01_CONFIG_GLOBAL'!$C$14""",ref. única CONFIG!C14
05_JOHN_DEERE,12,taxa,0.2082,"""='01_CONFIG_GLOBAL'!$C$14""",ref. única CONFIG!C14
05_JOHN_DEERE,13,taxa,0.2082,"""='01_CONFIG_GLOBAL'!$C$14""",ref. única CONFIG!C14
05_JOHN_DEERE,14,taxa,0.2082,"""='01_CONFIG_GLOBAL'!$C$14""",ref. única CONFIG!C14
05_JOHN_DEERE,15,taxa,None,"""='01_CONFIG_GLOBAL'!$C$14""",ref. única CONFIG!C14
05_JOHN_DEERE,16,taxa,0.2082,"""='01_CONFIG_GLOBAL'!$C$14""",ref. única CONFIG!C14
05_JOHN_DEERE,17,taxa,None,"""='01_CONFIG_GLOBAL'!$C$14""",ref. única CONFIG!C14
05_JOHN_DEERE,18,taxa,0.2082,"""='01_CONFIG_GLOBAL'!$C$14""",ref. única CONFIG!C14
05_JOHN_DEERE,19,taxa,0.2082,"""='01_CONFIG_GLOBAL'!$C$14""",ref. única CONFIG!C14
05_JOHN_DEERE,20,taxa,0.2082,"""='01_CONFIG_GLOBAL'!$C$14""",ref. única CONFIG!C14
05_JOHN_DEERE,21,taxa,None,"""='01_CONFIG_GLOBAL'!$C$14""",ref. única CONFIG!C14
05_JOHN_DEERE,22,taxa,0.2082,"""='01_CONFIG_GLOBAL'!$C$14""",ref. única CONFIG!C14
05_JOHN_DEERE,23,taxa,None,"""='01_CONFIG_GLOBAL'!$C$14""",ref. única CONFIG!C14
05_JOHN_DEERE,24,taxa,0.2082,"""='01_CONFIG_GLOBAL'!$C$14""",ref. única CONFIG!C14
05_JOHN_DEERE,25,taxa,None,"""='01_CONFIG_GLOBAL'!$C$14""",ref. única CONFIG!C14
05_JOHN_DEERE,26,taxa,0.2082,"""='01_CONFIG_GLOBAL'!$C$14""",ref. única CONFIG!C14
05_JOHN_DEERE,27,taxa,0.2082,"""='01_CONFIG_GLOBAL'!$C$14""",ref. única CONFIG!C14
05_JOHN_DEERE,28,taxa,None,"""='01_CONFIG_GLOBAL'!$C$14""",ref. única CONFIG!C14
05_JOHN_DEERE,29,taxa,0.2082,"""='01_CONFIG_GLOBAL'!$C$14""",ref. única CONFIG!C14
05_JOHN_DEERE,30,taxa,None,"""='01_CONFIG_GLOBAL'!$C$14""",ref. única CONFIG!C14
05_JOHN_DEERE,31,taxa,0.2082,"""='01_CONFIG_GLOBAL'!$C$14""",ref. única CONFIG!C14
05_JOHN_DEERE,32,taxa,None,"""='01_CONFIG_GLOBAL'!$C$14""",ref. única CONFIG!C14
05_JOHN_DEERE,33,taxa,0.2082,"""='01_CONFIG_GLOBAL'!$C$14""",ref. única CONFIG!C14
05_JOHN_DEERE,34,taxa,0.2082,"""='01_CONFIG_GLOBAL'!$C$14""",ref. única CONFIG!C14
05_JOHN_DEERE,35,taxa,None,"""='01_CONFIG_GLOBAL'!$C$14""",ref. única CONFIG!C14
05_JOHN_DEERE,36,taxa,0.2082,"""='01_CONFIG_GLOBAL'!$C$14""",ref. única CONFIG!C14
05_JOHN_DEERE,37,taxa,None,"""='01_CONFIG_GLOBAL'!$C$14""",ref. única CONFIG!C14
05_JOHN_DEERE,38,taxa,0.2082,"""='01_CONFIG_GLOBAL'!$C$14""",ref. única CONFIG!C14
05_JOHN_DEERE,39,taxa,None,"""='01_CONFIG_GLOBAL'!$C$14""",ref. única CONFIG!C14
05_JOHN_DEERE,40,taxa,0.2082,"""='01_CONFIG_GLOBAL'!$C$14""",ref. única CONFIG!C14
05_JOHN_DEERE,41,taxa,None,"""='01_CONFIG_GLOBAL'!$C$14""",ref. única CONFIG!C14
05_JOHN_DEERE,42,taxa,None,"""='01_CONFIG_GLOBAL'!$C$14""",ref. única CONFIG!C14
06_STARA,46,peso,"'0,132'",0.132,texto→número
06_STARA,46,comp,"'10,9'",10.9,texto→número
06_STARA,46,larg,"'9,4'",9.4,texto→número
06_STARA,47,comp,'17',17.0,texto→número
06_STARA,47,larg,'35',35.0,texto→número
06_STARA,7,marg,None,'=Y6',herdada da linha unitária
06_STARA,7,custo,'=3.9744*M7','=X6*M7',custo kit = unit × N
06_STARA,7,peso,'=0.008*M7','=O6*M7',peso kit = unit × N
06_STARA,13,marg,None,'=Y12',herdada da linha unitária
06_STARA,13,custo,'=3.96198*M13','=X12*M13',custo kit = unit × N
06_STARA,13,peso,'=0.031*M13','=O12*M13',peso kit = unit × N
06_STARA,25,custo,'=1.4904*M25','=X24*M25',custo kit = unit × N
06_STARA,25,peso,'=0.02*M25','=O24*M25',peso kit = unit × N
06_STARA,33,marg,None,'=Y32',herdada da linha unitária
06_STARA,33,custo,'=21.43692*M33','=X32*M33',custo kit = unit × N
06_STARA,33,peso,'=0.25*M33','=O32*M33',peso kit = unit × N
06_STARA,40,marg,None,'=Y39',herdada da linha unitária
06_STARA,40,custo,'=8.23446*M40','=X39*M40',custo kit = unit × N
06_STARA,40,peso,'=0.2*M40','=O39*M40',peso kit = unit × N
06_STARA,47,peso,'=0.132*M47','=O46*M47',peso kit = unit × N
06_STARA,6,taxa,0.2082,"""='01_CONFIG_GLOBAL'!$C$14""",ref. única CONFIG!C14
06_STARA,7,taxa,None,"""='01_CONFIG_GLOBAL'!$C$14""",ref. única CONFIG!C14
06_STARA,8,taxa,0.2082,"""='01_CONFIG_GLOBAL'!$C$14""",ref. única CONFIG!C14
06_STARA,9,taxa,0.2082,"""='01_CONFIG_GLOBAL'!$C$14""",ref. única CONFIG!C14
06_STARA,10,taxa,0.2082,"""='01_CONFIG_GLOBAL'!$C$14""",ref. única CONFIG!C14
06_STARA,11,taxa,0.2082,"""='01_CONFIG_GLOBAL'!$C$14""",ref. única CONFIG!C14
06_STARA,12,taxa,0.2082,"""='01_CONFIG_GLOBAL'!$C$14""",ref. única CONFIG!C14
06_STARA,13,taxa,None,"""='01_CONFIG_GLOBAL'!$C$14""",ref. única CONFIG!C14
06_STARA,14,taxa,0.2082,"""='01_CONFIG_GLOBAL'!$C$14""",ref. única CONFIG!C14
06_STARA,15,taxa,0.2082,"""='01_CONFIG_GLOBAL'!$C$14""",ref. única CONFIG!C14
06_STARA,16,taxa,0.2082,"""='01_CONFIG_GLOBAL'!$C$14""",ref. única CONFIG!C14
06_STARA,17,taxa,0.2082,"""='01_CONFIG_GLOBAL'!$C$14""",ref. única CONFIG!C14
06_STARA,18,taxa,0.2082,"""='01_CONFIG_GLOBAL'!$C$14""",ref. única CONFIG!C14
06_STARA,19,taxa,0.2082,"""='01_CONFIG_GLOBAL'!$C$14""",ref. única CONFIG!C14
06_STARA,20,taxa,0.2082,"""='01_CONFIG_GLOBAL'!$C$14""",ref. única CONFIG!C14
06_STARA,21,taxa,0.2082,"""='01_CONFIG_GLOBAL'!$C$14""",ref. única CONFIG!C14
06_STARA,22,taxa,0.2082,"""='01_CONFIG_GLOBAL'!$C$14""",ref. única CONFIG!C14
06_STARA,23,taxa,0.2082,"""='01_CONFIG_GLOBAL'!$C$14""",ref. única CONFIG!C14
06_STARA,24,taxa,0.2082,"""='01_CONFIG_GLOBAL'!$C$14""",ref. única CONFIG!C14
06_STARA,25,taxa,0.2082,"""='01_CONFIG_GLOBAL'!$C$14""",ref. única CONFIG!C14
06_STARA,26,taxa,0.2082,"""='01_CONFIG_GLOBAL'!$C$14""",ref. única CONFIG!C14
06_STARA,27,taxa,0.2082,"""='01_CONFIG_GLOBAL'!$C$14""",ref. única CONFIG!C14
06_STARA,28,taxa,0.2082,"""='01_CONFIG_GLOBAL'!$C$14""",ref. única CONFIG!C14
06_STARA,29,taxa,0.2082,"""='01_CONFIG_GLOBAL'!$C$14""",ref. única CONFIG!C14
06_STARA,30,taxa,0.2082,"""='01_CONFIG_GLOBAL'!$C$14""",ref. única CONFIG!C14
06_STARA,31,taxa,0.2082,"""='01_CONFIG_GLOBAL'!$C$14""",ref. única CONFIG!C14
06_STARA,32,taxa,0.2082,"""='01_CONFIG_GLOBAL'!$C$14""",ref. única CONFIG!C14
06_STARA,33,taxa,None,"""='01_CONFIG_GLOBAL'!$C$14""",ref. única CONFIG!C14
06_STARA,34,taxa,0.2082,"""='01_CONFIG_GLOBAL'!$C$14""",ref. única CONFIG!C14
06_STARA,35,taxa,0.2082,"""='01_CONFIG_GLOBAL'!$C$14""",ref. única CONFIG!C14
06_STARA,36,taxa,0.2082,"""='01_CONFIG_GLOBAL'!$C$14""",ref. única CONFIG!C14
06_STARA,37,taxa,0.2082,"""='01_CONFIG_GLOBAL'!$C$14""",ref. única CONFIG!C14
06_STARA,38,taxa,0.2082,"""='01_CONFIG_GLOBAL'!$C$14""",ref. única CONFIG!C14
06_STARA,39,taxa,0.2082,"""='01_CONFIG_GLOBAL'!$C$14""",ref. única CONFIG!C14
06_STARA,40,taxa,None,"""='01_CONFIG_GLOBAL'!$C$14""",ref. única CONFIG!C14
06_STARA,41,taxa,0.2082,"""='01_CONFIG_GLOBAL'!$C$14""",ref. única CONFIG!C14
06_STARA,42,taxa,0.2082,"""='01_CONFIG_GLOBAL'!$C$14""",ref. única CONFIG!C14
06_STARA,43,taxa,0.2082,"""='01_CONFIG_GLOBAL'!$C$14""",ref. única CONFIG!C14
06_STARA,44,taxa,0.2082,"""='01_CONFIG_GLOBAL'!$C$14""",ref. única CONFIG!C14
06_STARA,45,taxa,0.2082,"""='01_CONFIG_GLOBAL'!$C$14""",ref. única CONFIG!C14
06_STARA,46,taxa,0.2082,"""='01_CONFIG_GLOBAL'!$C$14""",ref. única CONFIG!C14
06_STARA,47,taxa,0.2082,"""='01_CONFIG_GLOBAL'!$C$14""",ref. única CONFIG!C14
06_STARA,8,obs,'','PENDÊNCIA: sem peso/dimensões — frete default R$25 (estimado); pesar/medir p/ recotar',pendência
06_STARA,9,obs,'','PENDÊNCIA: sem peso/dimensões — frete default R$25 (estimado); pesar/medir p/ recotar',pendência
06_STARA,15,obs,'','PENDÊNCIA: sem peso/dimensões — frete default R$25 (estimado); pesar/medir p/ recotar',pendência
06_STARA,16,obs,'','PENDÊNCIA: sem peso/dimensões — frete default R$25 (estimado); pesar/medir p/ recotar',pendência
06_STARA,17,obs,'','PENDÊNCIA: sem peso/dimensões — frete default R$25 (estimado); pesar/medir p/ recotar',pendência
06_STARA,18,obs,'','PENDÊNCIA: sem peso/dimensões — frete default R$25 (estimado); pesar/medir p/ recotar',pendência
06_STARA,19,obs,'','PENDÊNCIA: sem peso/dimensões — frete default R$25 (estimado); pesar/medir p/ recotar',pendência
06_STARA,20,obs,'','PENDÊNCIA: sem peso/dimensões — frete default R$25 (estimado); pesar/medir p/ recotar',pendência
06_STARA,21,obs,'','PENDÊNCIA: sem peso/dimensões — frete default R$25 (estimado); pesar/medir p/ recotar',pendência
06_STARA,22,obs,'','PENDÊNCIA: sem peso/dimensões — frete default R$25 (estimado); pesar/medir p/ recotar',pendência
06_STARA,23,obs,'','PENDÊNCIA: sem peso/dimensões — frete default R$25 (estimado); pesar/medir p/ recotar',pendência
06_STARA,26,obs,'','PENDÊNCIA: sem peso/dimensões — frete default R$25 (estimado); pesar/medir p/ recotar',pendência
06_STARA,27,obs,'','PENDÊNCIA: sem peso/dimensões — frete default R$25 (estimado); pesar/medir p/ recotar',pendência
06_STARA,28,obs,'','PENDÊNCIA: sem peso/dimensões — frete default R$25 (estimado); pesar/medir p/ recotar',pendência
06_STARA,29,obs,'','PENDÊNCIA: sem peso/dimensões — frete default R$25 (estimado); pesar/medir p/ recotar',pendência
06_STARA,30,obs,'','PENDÊNCIA: sem peso/dimensões — frete default R$25 (estimado); pesar/medir p/ recotar',pendência
06_STARA,31,obs,'','PENDÊNCIA: sem peso/dimensões — frete default R$25 (estimado); pesar/medir p/ recotar',pendência
06_STARA,34,obs,'','PENDÊNCIA: sem peso/dimensões — frete default R$25 (estimado); pesar/medir p/ recotar',pendência
06_STARA,35,obs,'','PENDÊNCIA: sem peso/dimensões — frete default R$25 (estimado); pesar/medir p/ recotar',pendência
06_STARA,36,obs,'','PENDÊNCIA: sem peso/dimensões — frete default R$25 (estimado); pesar/medir p/ recotar',pendência
06_STARA,37,obs,'','PENDÊNCIA: sem peso/dimensões — frete default R$25 (estimado); pesar/medir p/ recotar',pendência
06_STARA,38,obs,'','PENDÊNCIA: sem peso/dimensões — frete default R$25 (estimado); pesar/medir p/ recotar',pendência
06_STARA,41,obs,'','PENDÊNCIA: sem peso/dimensões — frete default R$25 (estimado); pesar/medir p/ recotar',pendência
06_STARA,42,obs,'','PENDÊNCIA: sem peso/dimensões — frete default R$25 (estimado); pesar/medir p/ recotar',pendência
06_STARA,43,obs,'','PENDÊNCIA: sem peso/dimensões — frete default R$25 (estimado); pesar/medir p/ recotar',pendência
06_STARA,44,obs,'','PENDÊNCIA: sem peso/dimensões — frete default R$25 (estimado); pesar/medir p/ recotar',pendência
06_STARA,45,obs,'','PENDÊNCIA: sem peso/dimensões — frete default R$25 (estimado); pesar/medir p/ recotar',pendência
06_STARA,46,marg,0.3,0.2,harmonizado com 03_AGCO
06_STARA,46,obs,'Fotos: output/fotos_ecommerce_tratemento_v2/STARA_6333-4157_ecommerce.png','Fotos: output/fotos_ecommerce_tratemento_v2/STARA_6333-4157_ecommerce.png | DUPLICADO com 03_AGCO (canônico lá) — esta linha não sobe no sync',pendência
06_STARA,47,marg,0.1,0.2,harmonizado com 03_AGCO
06_STARA,47,obs,'','DUPLICADO com 03_AGCO (canônico lá) — esta linha não sobe no sync',pendência
07_GTS,7,marg,None,'=Y6',herdada da linha unitária
07_GTS,7,custo,'=1.44*N7','=X6*N7',custo kit = unit × N
07_GTS,7,peso,'=0.035*N7','=P6*N7',peso kit = unit × N
07_GTS,9,marg,None,'=Y8',herdada da linha unitária
07_GTS,9,custo,'=1.44*N9','=X8*N9',custo kit = unit × N
07_GTS,9,peso,'=0.035*N9','=P8*N9',peso kit = unit × N
07_GTS,11,marg,None,'=Y10',herdada da linha unitária
07_GTS,11,custo,'=2.85*N11','=X10*N11',custo kit = unit × N
07_GTS,11,peso,'=0.06*N11','=P10*N11',peso kit = unit × N
07_GTS,16,marg,None,'=Y15',herdada da linha unitária
07_GTS,16,custo,'=3.42*N16','=X15*N16',custo kit = unit × N
07_GTS,16,peso,'=0.035*N16','=P15*N16',peso kit = unit × N
07_GTS,18,custo,'=3.56*N18','=X17*N18',custo kit = unit × N
07_GTS,18,peso,'=0.042*N18','=P17*N18',peso kit = unit × N
07_GTS,6,taxa,0.2082,"""='01_CONFIG_GLOBAL'!$C$14""",ref. única CONFIG!C14
07_GTS,7,taxa,None,"""='01_CONFIG_GLOBAL'!$C$14""",ref. única CONFIG!C14
07_GTS,8,taxa,0.2082,"""='01_CONFIG_GLOBAL'!$C$14""",ref. única CONFIG!C14
07_GTS,9,taxa,None,"""='01_CONFIG_GLOBAL'!$C$14""",ref. única CONFIG!C14
07_GTS,10,taxa,0.2082,"""='01_CONFIG_GLOBAL'!$C$14""",ref. única CONFIG!C14
07_GTS,11,taxa,None,"""='01_CONFIG_GLOBAL'!$C$14""",ref. única CONFIG!C14
07_GTS,12,taxa,0.2082,"""='01_CONFIG_GLOBAL'!$C$14""",ref. única CONFIG!C14
07_GTS,13,taxa,0.2082,"""='01_CONFIG_GLOBAL'!$C$14""",ref. única CONFIG!C14
07_GTS,14,taxa,0.2082,"""='01_CONFIG_GLOBAL'!$C$14""",ref. única CONFIG!C14
07_GTS,15,taxa,0.2082,"""='01_CONFIG_GLOBAL'!$C$14""",ref. única CONFIG!C14
07_GTS,16,taxa,None,"""='01_CONFIG_GLOBAL'!$C$14""",ref. única CONFIG!C14
07_GTS,17,taxa,0.2082,"""='01_CONFIG_GLOBAL'!$C$14""",ref. única CONFIG!C14
07_GTS,18,taxa,0.2082,"""='01_CONFIG_GLOBAL'!$C$14""",ref. única CONFIG!C14
